id,name,email,phone
640fda21fc13ae4ffc000708,Randy Decroix,rdecroix0@meetup.com,(244) 9079137
640fda21fc13ae4ffc000709,Gerardo Treweela,gtreweela1@usatoday.com,(890) 8798252
640fda21fc13ae4ffc00070a,Lexi Lezemere,llezemere2@cdc.gov,(373) 4573454
640fda21fc13ae4ffc00070b,Christoper Sloley,csloley3@github.io,(294) 6973406
640fda21fc13ae4ffc00070c,Johnette Stot,jstot4@1688.com,(308) 2315532
640fda21fc13ae4ffc00070d,Milka Capron,mcapron5@apple.com,(743) 8220421
640fda21fc13ae4ffc00070e,Coralyn Pettman,cpettman6@blogtalkradio.com,(433) 5622173
640fda21fc13ae4ffc00070f,Duke Morrel,dmorrel7@ameblo.jp,(151) 7060402
640fda21fc13ae4ffc000710,Jarrod MacFie,jmacfie8@hostgator.com,(889) 9701675
640fda21fc13ae4ffc000711,Lilli Muskett,lmuskett9@buzzfeed.com,(369) 9357746
640fda21fc13ae4ffc000712,Raphael McElory,rmcelorya@ted.com,(888) 6869487
640fda21fc13ae4ffc000713,Matti Riehm,mriehmb@dagondesign.com,(349) 4396086
640fda21fc13ae4ffc000714,Skipton Dami,sdamic@google.co.uk,(490) 6995603
640fda21fc13ae4ffc000715,Sioux Sandyfirth,ssandyfirthd@chronoengine.com,(119) 8906886
640fda21fc13ae4ffc000716,Waiter Issit,wissite@cyberchimps.com,(568) 7486414
640fda21fc13ae4ffc000717,Chelsae Rubinfeld,crubinfeldf@wisc.edu,(346) 2052992
640fda21fc13ae4ffc000718,Wayne Matula,wmatulag@spiegel.de,(774) 7815662
640fda21fc13ae4ffc000719,Doralia MacKimm,dmackimmh@lulu.com,(534) 9485747
640fda21fc13ae4ffc00071a,Wilone McCullogh,wmcculloghi@loc.gov,(472) 6695496
640fda21fc13ae4ffc00071b,Tim Rollin,trollinj@sina.com.cn,(748) 8978097
640fda21fc13ae4ffc00071c,Gerianna Kinman,gkinmank@163.com,(465) 6121097
640fda21fc13ae4ffc00071d,Ambrose Okenfold,aokenfoldl@themeforest.net,(164) 7730888
640fda21fc13ae4ffc00071e,Tait London,tlondonm@cloudflare.com,(640) 7634656
640fda21fc13ae4ffc00071f,Morey Dupree,mdupreen@soup.io,(647) 4792428
640fda21fc13ae4ffc000720,Earl Wisbey,ewisbeyo@spotify.com,(411) 9765244
640fda21fc13ae4ffc000721,Clerkclaude Tanslie,ctansliep@1688.com,(389) 5375972
640fda21fc13ae4ffc000722,Fayth Blackborn,fblackbornq@google.de,(526) 1161167
640fda21fc13ae4ffc000723,Tally Rodd,troddr@sfgate.com,(954) 6917481
640fda21fc13ae4ffc000724,Maryanne Wagnerin,mwagnerins@cpanel.net,(130) 1449791
640fda21fc13ae4ffc000725,Esmeralda Verne,evernet@istockphoto.com,(292) 3478483
640fda21fc13ae4ffc000726,Darby Zannotti,dzannottiu@wikispaces.com,(499) 7404818
640fda21fc13ae4ffc000727,Corette Claridge,cclaridgev@parallels.com,(954) 6633314
640fda21fc13ae4ffc000728,Nannie Scurman,nscurmanw@dagondesign.com,(583) 8555955
640fda21fc13ae4ffc000729,Hasheem Ware,hwarex@tripadvisor.com,(753) 9035247
640fda21fc13ae4ffc00072a,Dewie Gierek,dgiereky@newsvine.com,(737) 8454748
640fda21fc13ae4ffc00072b,Dominica Dommerque,ddommerquez@huffingtonpost.com,(576) 8743437
640fda21fc13ae4ffc00072c,Nathalia Ede,nede10@bloglovin.com,(874) 8895310
640fda21fc13ae4ffc00072d,Jo ann Bartolacci,jann11@behance.net,(352) 1470020
640fda21fc13ae4ffc00072e,Anneliese Braybrooke,abraybrooke12@hubpages.com,(126) 3601546
640fda21fc13ae4ffc00072f,Codie Stansell,cstansell13@plala.or.jp,(359) 6956900
640fda21fc13ae4ffc000730,Mario Burdikin,mburdikin14@barnesandnoble.com,(583) 2577762
640fda21fc13ae4ffc000731,Dareen Steddall,dsteddall15@examiner.com,(434) 1304766
640fda21fc13ae4ffc000732,Meta Verner,mverner16@zdnet.com,(936) 1498929
640fda21fc13ae4ffc000733,Bertina Probetts,bprobetts17@japanpost.jp,(674) 3224416
640fda21fc13ae4ffc000734,Umberto Showl,ushowl18@google.es,(659) 5789715
640fda21fc13ae4ffc000735,Leeann Grzegorek,lgrzegorek19@google.co.jp,(808) 2047499
640fda21fc13ae4ffc000736,Joellen Pudney,jpudney1a@tripod.com,(697) 7947496
640fda21fc13ae4ffc000737,Fenelia Handrock,fhandrock1b@mapquest.com,(719) 6410138
640fda21fc13ae4ffc000738,Faulkner Petrescu,fpetrescu1c@jimdo.com,(848) 7220627
640fda21fc13ae4ffc000739,Thurstan McReidy,tmcreidy1d@ask.com,(951) 2217764
640fda21fc13ae4ffc00073a,Ronald Cadigan,rcadigan1e@nymag.com,(839) 2101088
640fda21fc13ae4ffc00073b,Rollins Jaan,rjaan1f@redcross.org,(461) 6898566
640fda21fc13ae4ffc00073c,Doe Peddie,dpeddie1g@state.tx.us,(232) 4296880
640fda21fc13ae4ffc00073d,Far Samweyes,fsamweyes1h@jalbum.net,(642) 4048583
640fda21fc13ae4ffc00073e,Dacie Kimmel,dkimmel1i@psu.edu,(882) 4853572
640fda21fc13ae4ffc00073f,Vannie Lambard,vlambard1j@hud.gov,(394) 2062445
640fda21fc13ae4ffc000740,Engelbert Fancutt,efancutt1k@webmd.com,(212) 2747712
640fda21fc13ae4ffc000741,Thacher Whiffin,twhiffin1l@stumbleupon.com,(171) 3515688
640fda21fc13ae4ffc000742,Rouvin O' Timony,ro1m@yolasite.com,(942) 2969659
640fda21fc13ae4ffc000743,Teodoro Toopin,ttoopin1n@princeton.edu,(387) 2775712
640fda21fc13ae4ffc000744,Jemima Caswall,jcaswall1o@miitbeian.gov.cn,(331) 6455692
640fda21fc13ae4ffc000745,Beret Ramsdale,bramsdale1p@feedburner.com,(891) 2933121
640fda21fc13ae4ffc000746,Shirline Woolf,swoolf1q@lycos.com,(506) 3322395
640fda21fc13ae4ffc000747,Quintina Lawrenz,qlawrenz1r@businesswire.com,(694) 5130753
640fda21fc13ae4ffc000748,Caitlin Bransgrove,cbransgrove1s@globo.com,(516) 6814963
640fda21fc13ae4ffc000749,Zarla Bugbird,zbugbird1t@sciencedaily.com,(933) 1281566
640fda21fc13ae4ffc00074a,Lefty Give,lgive1u@google.co.jp,(821) 5782936
640fda21fc13ae4ffc00074b,Nilson Stockill,nstockill1v@indiegogo.com,(629) 4020112
640fda21fc13ae4ffc00074c,Virgie Attryde,vattryde1w@slideshare.net,(327) 9286207
640fda21fc13ae4ffc00074d,Riobard Kull,rkull1x@deviantart.com,(824) 9687380
640fda21fc13ae4ffc00074e,Lowrance Loins,lloins1y@blog.com,(968) 1666136
640fda21fc13ae4ffc00074f,Everard Heintsch,eheintsch1z@soundcloud.com,(684) 1420404
640fda21fc13ae4ffc000750,Lyda Coskerry,lcoskerry20@seesaa.net,(355) 2828398
640fda21fc13ae4ffc000751,Loria Liverock,lliverock21@google.co.uk,(538) 1999284
640fda21fc13ae4ffc000752,Venita Heynel,vheynel22@disqus.com,(834) 2321421
640fda21fc13ae4ffc000753,Berkly Acey,bacey23@sfgate.com,(760) 8628399
640fda21fc13ae4ffc000754,Mace Culwen,mculwen24@mac.com,(339) 3547618
640fda21fc13ae4ffc000755,Fitzgerald Raynton,fraynton25@nyu.edu,(409) 3627893
640fda21fc13ae4ffc000756,Stormy Adams,sadams26@paypal.com,(446) 2991252
640fda21fc13ae4ffc000757,Brice Eggar,beggar27@nationalgeographic.com,(158) 4445645
640fda21fc13ae4ffc000758,Beulah MacPeake,bmacpeake28@whitehouse.gov,(378) 4043232
640fda21fc13ae4ffc000759,Aldin Gostridge,agostridge29@sbwire.com,(897) 8443396
640fda21fc13ae4ffc00075a,Magdalen Siflet,msiflet2a@hexun.com,(320) 9588419
640fda21fc13ae4ffc00075b,Rutledge Weddup,rweddup2b@woothemes.com,(716) 9183652
640fda21fc13ae4ffc00075c,Aguie Croix,acroix2c@omniture.com,(142) 2605506
640fda21fc13ae4ffc00075d,Torrey Mowsdale,tmowsdale2d@trellian.com,(387) 1901857
640fda21fc13ae4ffc00075e,Brynn Buckeridge,bbuckeridge2e@gizmodo.com,(424) 5193313
640fda21fc13ae4ffc00075f,Demetris Fahrenbach,dfahrenbach2f@craigslist.org,(789) 3138717
640fda21fc13ae4ffc000760,Janeczka Radage,jradage2g@yale.edu,(406) 6309014
640fda21fc13ae4ffc000761,Dion Littlekit,dlittlekit2h@sun.com,(262) 1383306
640fda21fc13ae4ffc000762,Lorenzo Veryan,lveryan2i@flavors.me,(498) 4702586
640fda21fc13ae4ffc000763,Michale O'Gaven,mogaven2j@4shared.com,(443) 3691730
640fda21fc13ae4ffc000764,Moyna Boyland,mboyland2k@creativecommons.org,(703) 3402035
640fda21fc13ae4ffc000765,Cash Brandenberg,cbrandenberg2l@multiply.com,(902) 9050514
640fda21fc13ae4ffc000766,Tedmund Binny,tbinny2m@360.cn,(382) 5052797
640fda21fc13ae4ffc000767,Brittan Gavan,bgavan2n@sohu.com,(327) 8142796
640fda21fc13ae4ffc000768,Chrissie Royce,croyce2o@un.org,(384) 3414690
640fda21fc13ae4ffc000769,Johann Heggison,jheggison2p@webeden.co.uk,(283) 5580455
640fda21fc13ae4ffc00076a,Fayina Paulisch,fpaulisch2q@phoca.cz,(563) 2574771
640fda21fc13ae4ffc00076b,Edgar Buye,ebuye2r@1und1.de,(919) 7096253
640fda21fc13ae4ffc00076c,Cori Carwardine,ccarwardine2s@naver.com,(312) 3696833
640fda21fc13ae4ffc00076d,Suzann Milleton,smilleton2t@nasa.gov,(122) 4446226
640fda21fc13ae4ffc00076e,Raye Petett,rpetett2u@topsy.com,(163) 9829829
640fda21fc13ae4ffc00076f,Katuscha Kimmitt,kkimmitt2v@hubpages.com,(712) 5034416
640fda21fc13ae4ffc000770,Riannon Drivers,rdrivers2w@blogger.com,(804) 4299309
640fda21fc13ae4ffc000771,Jennine Hammerberger,jhammerberger2x@fema.gov,(629) 7325313
640fda21fc13ae4ffc000772,Caye Vivians,cvivians2y@tamu.edu,(593) 1872257
640fda21fc13ae4ffc000773,Alexandr Tripean,atripean2z@tuttocitta.it,(691) 5206015
640fda21fc13ae4ffc000774,Vonnie Dobrovolny,vdobrovolny30@netlog.com,(731) 2969157
640fda21fc13ae4ffc000775,Dehlia Blazewicz,dblazewicz31@soup.io,(622) 5540827
640fda21fc13ae4ffc000776,Bobinette Clarkson,bclarkson32@businessweek.com,(641) 8420600
640fda21fc13ae4ffc000777,Stacee Tomasi,stomasi33@bandcamp.com,(235) 3932875
640fda21fc13ae4ffc000778,Margaretta Swannack,mswannack34@linkedin.com,(347) 2319066
640fda21fc13ae4ffc000779,Shaylyn Corcoran,scorcoran35@bluehost.com,(945) 8330986
640fda21fc13ae4ffc00077a,Othelia Lesper,olesper36@google.co.uk,(706) 2018721
640fda21fc13ae4ffc00077b,Alyssa Fright,afright37@businessinsider.com,(712) 1536612
640fda21fc13ae4ffc00077c,Tristan Hydes,thydes38@github.com,(424) 7303109
640fda21fc13ae4ffc00077d,Gil Blueman,gblueman39@fastcompany.com,(307) 4175590
640fda21fc13ae4ffc00077e,Vernon Gantzer,vgantzer3a@discovery.com,(785) 3836624
640fda21fc13ae4ffc00077f,Minny Kittless,mkittless3b@ezinearticles.com,(615) 4953036
640fda21fc13ae4ffc000780,Gaspar Jurisic,gjurisic3c@blogspot.com,(938) 6558877
640fda21fc13ae4ffc000781,Grady Wrist,gwrist3d@google.pl,(327) 6754177
640fda21fc13ae4ffc000782,Archibold Navarre,anavarre3e@desdev.cn,(277) 6790875
640fda21fc13ae4ffc000783,Leslie Potkin,lpotkin3f@rakuten.co.jp,(357) 9671135
640fda21fc13ae4ffc000784,Sauncho Cordier,scordier3g@histats.com,(449) 6338498
640fda21fc13ae4ffc000785,Reginauld Ewebank,rewebank3h@printfriendly.com,(585) 2966530
640fda21fc13ae4ffc000786,Tristan Gledhall,tgledhall3i@over-blog.com,(241) 4464586
640fda21fc13ae4ffc000787,Porter Dowsing,pdowsing3j@harvard.edu,(574) 8578810
640fda21fc13ae4ffc000788,Ramsey Northall,rnorthall3k@indiatimes.com,(975) 7594058
640fda21fc13ae4ffc000789,Dasya Layhe,dlayhe3l@ucoz.ru,(865) 7284434
640fda21fc13ae4ffc00078a,Neddie Dainty,ndainty3m@godaddy.com,(208) 4846016
640fda21fc13ae4ffc00078b,Jethro Pitkaithly,jpitkaithly3n@ucsd.edu,(411) 3679541
640fda21fc13ae4ffc00078c,Helenelizabeth Ince,hince3o@163.com,(863) 3341915
640fda21fc13ae4ffc00078d,Phillie Addington,paddington3p@google.cn,(879) 1917457
640fda21fc13ae4ffc00078e,Geri O'Meara,gomeara3q@chron.com,(596) 6971626
640fda21fc13ae4ffc00078f,Romola Chatelot,rchatelot3r@dot.gov,(556) 6006292
640fda21fc13ae4ffc000790,Cacilie Odegaard,codegaard3s@upenn.edu,(949) 4696260
640fda21fc13ae4ffc000791,Nevile Billitteri,nbillitteri3t@illinois.edu,(951) 3541586
640fda21fc13ae4ffc000792,Merl Dun,mdun3u@tuttocitta.it,(141) 5366373
640fda21fc13ae4ffc000793,Donella Nickerson,dnickerson3v@typepad.com,(294) 6386049
640fda21fc13ae4ffc000794,Karlens Povah,kpovah3w@ameblo.jp,(467) 2409246
640fda21fc13ae4ffc000795,Janeczka Ubsdall,jubsdall3x@tuttocitta.it,(993) 2876066
640fda21fc13ae4ffc000796,Amalee Wooffinden,awooffinden3y@pagesperso-orange.fr,(766) 6585035
640fda21fc13ae4ffc000797,Yorker Churchyard,ychurchyard3z@opensource.org,(475) 9481814
640fda21fc13ae4ffc000798,Bart Toffoloni,btoffoloni40@craigslist.org,(912) 8646769
640fda21fc13ae4ffc000799,Davine Daber,ddaber41@sohu.com,(103) 7290621
640fda21fc13ae4ffc00079a,Evangelia Marshland,emarshland42@technorati.com,(185) 8401911
640fda21fc13ae4ffc00079b,Saidee Garnar,sgarnar43@nhs.uk,(521) 3427552
640fda21fc13ae4ffc00079c,Demetris Nickless,dnickless44@amazon.co.uk,(858) 5582075
640fda21fc13ae4ffc00079d,Gerianna Naile,gnaile45@telegraph.co.uk,(377) 3928325
640fda21fc13ae4ffc00079e,Arvy Whitear,awhitear46@huffingtonpost.com,(580) 3177996
640fda21fc13ae4ffc00079f,Elliott Buff,ebuff47@tumblr.com,(924) 4232898
640fda21fc13ae4ffc0007a0,Renata Krop,rkrop48@live.com,(773) 3780164
640fda21fc13ae4ffc0007a1,Orelie Shiell,oshiell49@over-blog.com,(298) 4293893
640fda21fc13ae4ffc0007a2,Franky McWhinnie,fmcwhinnie4a@google.co.uk,(751) 3665073
640fda21fc13ae4ffc0007a3,Holmes Hardwin,hhardwin4b@example.com,(356) 5376846
640fda21fc13ae4ffc0007a4,Myrah Thurley,mthurley4c@symantec.com,(392) 4807307
640fda21fc13ae4ffc0007a5,Felita Stonner,fstonner4d@mlb.com,(512) 9578439
640fda21fc13ae4ffc0007a6,Vitia Kalb,vkalb4e@icio.us,(113) 2138376
640fda21fc13ae4ffc0007a7,Edeline Andreaccio,eandreaccio4f@usnews.com,(426) 3410418
640fda21fc13ae4ffc0007a8,Leif Baylie,lbaylie4g@psu.edu,(812) 8858284
640fda21fc13ae4ffc0007a9,Stephana Swalteridge,sswalteridge4h@adobe.com,(981) 3170737
640fda21fc13ae4ffc0007aa,Rosalyn Gages,rgages4i@state.tx.us,(445) 1940475
640fda21fc13ae4ffc0007ab,Tannie Brussell,tbrussell4j@51.la,(113) 6725712
640fda21fc13ae4ffc0007ac,Brita Kindon,bkindon4k@wisc.edu,(535) 8845017
640fda21fc13ae4ffc0007ad,Kristel Robertsen,krobertsen4l@nih.gov,(632) 6193887
640fda21fc13ae4ffc0007ae,Paola Jedryka,pjedryka4m@exblog.jp,(951) 3888830
640fda21fc13ae4ffc0007af,Rodrique MacAlroy,rmacalroy4n@npr.org,(968) 3088399
640fda21fc13ae4ffc0007b0,Tiphani Kruschev,tkruschev4o@123-reg.co.uk,(573) 7695048
640fda21fc13ae4ffc0007b1,Brant Sillis,bsillis4p@bigcartel.com,(338) 3038887
640fda21fc13ae4ffc0007b2,Mathew Pourveer,mpourveer4q@w3.org,(868) 1106413
640fda21fc13ae4ffc0007b3,Alec Cicci,acicci4r@netscape.com,(688) 6045561
640fda21fc13ae4ffc0007b4,Arlette De Maine,ade4s@nydailynews.com,(308) 5013558
640fda21fc13ae4ffc0007b5,Mara Bogeys,mbogeys4t@goo.ne.jp,(251) 3057235
640fda21fc13ae4ffc0007b6,Ingemar Keir,ikeir4u@fc2.com,(699) 5814401
640fda21fc13ae4ffc0007b7,Melloney Jochanany,mjochanany4v@technorati.com,(293) 7200862
640fda21fc13ae4ffc0007b8,Grover Haskur,ghaskur4w@pagesperso-orange.fr,(928) 7021523
640fda21fc13ae4ffc0007b9,Sherrie Tortis,stortis4x@booking.com,(541) 1829714
640fda21fc13ae4ffc0007ba,Orsola Bickell,obickell4y@samsung.com,(847) 1927278
640fda21fc13ae4ffc0007bb,Shelba Lebond,slebond4z@tiny.cc,(548) 2146130
640fda21fc13ae4ffc0007bc,Marcello Hazley,mhazley50@amazon.com,(992) 5561390
640fda21fc13ae4ffc0007bd,Micki Everson,meverson51@wisc.edu,(105) 8379363
640fda21fc13ae4ffc0007be,Betty Loakes,bloakes52@seattletimes.com,(797) 8640770
640fda21fc13ae4ffc0007bf,Case Cargill,ccargill53@buzzfeed.com,(829) 3694554
640fda21fc13ae4ffc0007c0,Sheffie Bascombe,sbascombe54@miibeian.gov.cn,(690) 1434483
640fda21fc13ae4ffc0007c1,Patrick Gillum,pgillum55@about.me,(708) 4559286
640fda21fc13ae4ffc0007c2,Ronny Stichall,rstichall56@arizona.edu,(890) 7077362
640fda21fc13ae4ffc0007c3,Boony Sunnex,bsunnex57@shutterfly.com,(918) 1321381
640fda21fc13ae4ffc0007c4,Gay Blackbrough,gblackbrough58@issuu.com,(817) 1408465
640fda21fc13ae4ffc0007c5,Tami Frankel,tfrankel59@microsoft.com,(396) 9960403
640fda21fc13ae4ffc0007c6,Hephzibah Larrosa,hlarrosa5a@gnu.org,(563) 5460571
640fda21fc13ae4ffc0007c7,Jenelle Power,jpower5b@newyorker.com,(764) 7044995
640fda21fc13ae4ffc0007c8,Lorry O'Canavan,locanavan5c@hhs.gov,(988) 5967031
640fda21fc13ae4ffc0007c9,Derril Whopples,dwhopples5d@vimeo.com,(857) 6545570
640fda21fc13ae4ffc0007ca,Bartlett L'Episcopi,blepiscopi5e@studiopress.com,(451) 9305835
640fda21fc13ae4ffc0007cb,Nerta Lemmertz,nlemmertz5f@bizjournals.com,(656) 8351629
640fda21fc13ae4ffc0007cc,Christina Artrick,cartrick5g@cnbc.com,(296) 2362469
640fda21fc13ae4ffc0007cd,Clemmy Toyer,ctoyer5h@netvibes.com,(227) 7418723
640fda21fc13ae4ffc0007ce,Gerianna O' Hern,go5i@prnewswire.com,(496) 6423867
640fda21fc13ae4ffc0007cf,Nedi Dulwitch,ndulwitch5j@google.nl,(498) 7536149
640fda21fc13ae4ffc0007d0,Davine Dilley,ddilley5k@wikispaces.com,(952) 7321109
640fda21fc13ae4ffc0007d1,Torre Syce,tsyce5l@hatena.ne.jp,(194) 5812897
640fda21fc13ae4ffc0007d2,Raye Frostdyke,rfrostdyke5m@bravesites.com,(135) 8355595
640fda21fc13ae4ffc0007d3,Georgie Marcinkus,gmarcinkus5n@taobao.com,(204) 7606832
640fda21fc13ae4ffc0007d4,Louis Davidson,ldavidson5o@examiner.com,(845) 8149408
640fda21fc13ae4ffc0007d5,Danita Olander,dolander5p@purevolume.com,(891) 5831270
640fda21fc13ae4ffc0007d6,Albina Richards,arichards5q@vistaprint.com,(884) 4834028
640fda21fc13ae4ffc0007d7,Hayward Tennick,htennick5r@bluehost.com,(976) 6242850
640fda21fc13ae4ffc0007d8,Alick Callam,acallam5s@forbes.com,(355) 7930910
640fda21fc13ae4ffc0007d9,Kristy Hinze,khinze5t@kickstarter.com,(910) 5023635
640fda21fc13ae4ffc0007da,Felice Reuven,freuven5u@odnoklassniki.ru,(507) 6984179
640fda21fc13ae4ffc0007db,Bella Gianilli,bgianilli5v@cpanel.net,(676) 8484552
640fda21fc13ae4ffc0007dc,Berta Marfield,bmarfield5w@ucoz.ru,(815) 7222859
640fda21fc13ae4ffc0007dd,Afton Ferrillo,aferrillo5x@icq.com,(366) 4652211
640fda21fc13ae4ffc0007de,Antony Ollenbuttel,aollenbuttel5y@ucoz.ru,(726) 2101104
640fda21fc13ae4ffc0007df,Tamiko Pordal,tpordal5z@ucoz.com,(445) 3293229
640fda21fc13ae4ffc0007e0,Silvia Langland,slangland60@hc360.com,(132) 6312553
640fda21fc13ae4ffc0007e1,Nan Shird,nshird61@mapquest.com,(267) 4954449
640fda21fc13ae4ffc0007e2,Karlotte Blackmuir,kblackmuir62@freewebs.com,(644) 1389416
640fda21fc13ae4ffc0007e3,Ephrem Petrosian,epetrosian63@dyndns.org,(546) 2341946
640fda21fc13ae4ffc0007e4,Obie Raywood,oraywood64@xing.com,(779) 3900581
640fda21fc13ae4ffc0007e5,Anabel Taig,ataig65@bbc.co.uk,(336) 3037857
640fda21fc13ae4ffc0007e6,Anthony Davenall,adavenall66@mozilla.org,(152) 4864917
640fda21fc13ae4ffc0007e7,Skelly Moyes,smoyes67@wisc.edu,(292) 1623294
640fda21fc13ae4ffc0007e8,Brandise Ringrose,bringrose68@zimbio.com,(563) 2465398
640fda21fc13ae4ffc0007e9,Roddy Scholig,rscholig69@yale.edu,(415) 6396315
640fda21fc13ae4ffc0007ea,Daffy Simmins,dsimmins6a@dailymail.co.uk,(383) 2066995
640fda21fc13ae4ffc0007eb,Toni McGiven,tmcgiven6b@smh.com.au,(595) 7968884
640fda21fc13ae4ffc0007ec,Abbott Pering,apering6c@youtube.com,(674) 5826701
640fda21fc13ae4ffc0007ed,Emmalynn Simek,esimek6d@people.com.cn,(668) 1587556
640fda21fc13ae4ffc0007ee,Cedric Ceci,cceci6e@exblog.jp,(756) 3725035
640fda21fc13ae4ffc0007ef,Leda Mosten,lmosten6f@opera.com,(280) 9609171
640fda21fc13ae4ffc0007f0,Ebony Carman,ecarman6g@google.fr,(341) 1787308
640fda21fc13ae4ffc0007f1,Jacquelin Yakobowitz,jyakobowitz6h@soundcloud.com,(418) 6803010
640fda21fc13ae4ffc0007f2,Roderigo Major,rmajor6i@irs.gov,(731) 6713128
640fda21fc13ae4ffc0007f3,Eldin Frazer,efrazer6j@irs.gov,(367) 8636795
640fda21fc13ae4ffc0007f4,Brendin Adamsen,badamsen6k@imdb.com,(324) 5911325
640fda21fc13ae4ffc0007f5,Euell Risso,erisso6l@virginia.edu,(191) 2562201
640fda21fc13ae4ffc0007f6,Connie Zorro,czorro6m@etsy.com,(364) 9671732
640fda21fc13ae4ffc0007f7,Erik Bearn,ebearn6n@statcounter.com,(473) 3748461
640fda21fc13ae4ffc0007f8,Kelly Ketchaside,kketchaside6o@hostgator.com,(926) 7343398
640fda21fc13ae4ffc0007f9,Kendell Heakey,kheakey6p@1688.com,(720) 8255385
640fda21fc13ae4ffc0007fa,Will Anglish,wanglish6q@boston.com,(401) 6902940
640fda21fc13ae4ffc0007fb,Wenona Thody,wthody6r@godaddy.com,(321) 2005856
640fda21fc13ae4ffc0007fc,Lura Corradetti,lcorradetti6s@xing.com,(420) 8717717
640fda21fc13ae4ffc0007fd,Sybil Dielhenn,sdielhenn6t@chicagotribune.com,(388) 2623599
640fda21fc13ae4ffc0007fe,Augy Piner,apiner6u@hatena.ne.jp,(506) 6094987
640fda21fc13ae4ffc0007ff,Suzann Storer,sstorer6v@deviantart.com,(505) 6100895
640fda21fc13ae4ffc000800,Lockwood Londesborough,llondesborough6w@answers.com,(868) 1937489
640fda21fc13ae4ffc000801,Nicol Skatcher,nskatcher6x@geocities.jp,(971) 9280206
640fda21fc13ae4ffc000802,Yoshi Hug,yhug6y@ask.com,(510) 9034158
640fda21fc13ae4ffc000803,Mychal Peto,mpeto6z@tripadvisor.com,(461) 9527423
640fda21fc13ae4ffc000804,Ellyn Beardshaw,ebeardshaw70@ifeng.com,(230) 3576362
640fda21fc13ae4ffc000805,Truda Hendrik,thendrik71@phoca.cz,(503) 7883120
640fda21fc13ae4ffc000806,Shalne Sheering,ssheering72@imdb.com,(983) 4505789
640fda21fc13ae4ffc000807,Nikoletta Iianon,niianon73@globo.com,(623) 2120280
640fda21fc13ae4ffc000808,Maren Tulleth,mtulleth74@seattletimes.com,(312) 1997660
640fda21fc13ae4ffc000809,Obadiah Kellogg,okellogg75@abc.net.au,(452) 6017863
640fda21fc13ae4ffc00080a,Merola Tapply,mtapply76@oakley.com,(260) 8788064
640fda21fc13ae4ffc00080b,Thomasa Keyzor,tkeyzor77@lycos.com,(441) 7278799
640fda21fc13ae4ffc00080c,Pierson Giametti,pgiametti78@shinystat.com,(668) 3058684
640fda21fc13ae4ffc00080d,Ellary Buckerfield,ebuckerfield79@si.edu,(217) 7883740
640fda21fc13ae4ffc00080e,Staci Casoni,scasoni7a@adobe.com,(817) 6590057
640fda21fc13ae4ffc00080f,Theodor Spatoni,tspatoni7b@patch.com,(397) 8085306
640fda21fc13ae4ffc000810,Adelaida Tizard,atizard7c@phpbb.com,(770) 3010974
640fda21fc13ae4ffc000811,Evan Hacquoil,ehacquoil7d@spiegel.de,(485) 6373147
640fda21fc13ae4ffc000812,Wileen McLelland,wmclelland7e@is.gd,(146) 5016891
640fda21fc13ae4ffc000813,Shurlocke Hundall,shundall7f@google.com.br,(481) 1354879
640fda21fc13ae4ffc000814,Rad Peare,rpeare7g@fda.gov,(613) 6830039
640fda21fc13ae4ffc000815,Kessia Kenan,kkenan7h@unesco.org,(680) 6433549
640fda21fc13ae4ffc000816,Reinold Sutterfield,rsutterfield7i@sitemeter.com,(697) 3525497
640fda21fc13ae4ffc000817,Georgi Stow,gstow7j@time.com,(969) 8073375
640fda21fc13ae4ffc000818,Armstrong McCarrell,amccarrell7k@eventbrite.com,(517) 1872277
640fda21fc13ae4ffc000819,Gale Wheldon,gwheldon7l@comcast.net,(227) 5336678
640fda21fc13ae4ffc00081a,Arlie Aloigi,aaloigi7m@artisteer.com,(733) 3598744
640fda21fc13ae4ffc00081b,Lance McCullogh,lmccullogh7n@umn.edu,(120) 4533680
640fda21fc13ae4ffc00081c,Berty Blything,bblything7o@nationalgeographic.com,(422) 3223650
640fda21fc13ae4ffc00081d,Leslie Origin,lorigin7p@angelfire.com,(752) 3397735
640fda21fc13ae4ffc00081e,Bruce Shernock,bshernock7q@nasa.gov,(723) 3912471
640fda21fc13ae4ffc00081f,Merwin Danilewicz,mdanilewicz7r@google.com.br,(710) 9475539
640fda21fc13ae4ffc000820,Chalmers Tomek,ctomek7s@reuters.com,(427) 6446400
640fda21fc13ae4ffc000821,Myrtia Cantero,mcantero7t@alexa.com,(355) 2309983
640fda21fc13ae4ffc000822,Babbie Tynewell,btynewell7u@unc.edu,(997) 9942180
640fda21fc13ae4ffc000823,Gavin Fidler,gfidler7v@lulu.com,(529) 6854650
640fda21fc13ae4ffc000824,Mavis MacKartan,mmackartan7w@hud.gov,(732) 5556031
640fda21fc13ae4ffc000825,Elnora Barkworth,ebarkworth7x@usnews.com,(812) 5056143
640fda21fc13ae4ffc000826,Esmaria Chucks,echucks7y@vinaora.com,(742) 1719651
640fda21fc13ae4ffc000827,Zarla Brunstan,zbrunstan7z@woothemes.com,(503) 1457309
640fda21fc13ae4ffc000828,Brinna Swindle,bswindle80@toplist.cz,(912) 1503044
640fda21fc13ae4ffc000829,Janka Meaney,jmeaney81@biblegateway.com,(635) 3647549
640fda21fc13ae4ffc00082a,Abbie Simpkiss,asimpkiss82@dailymail.co.uk,(790) 9288628
640fda21fc13ae4ffc00082b,Bette-ann Mouget,bmouget83@home.pl,(876) 3526672
640fda21fc13ae4ffc00082c,Lacee Brose,lbrose84@unesco.org,(874) 9873670
640fda21fc13ae4ffc00082d,Gui Gorringe,ggorringe85@berkeley.edu,(977) 7658351
640fda21fc13ae4ffc00082e,Keith Cinnamond,kcinnamond86@comsenz.com,(763) 3778254
640fda21fc13ae4ffc00082f,Quinn Farries,qfarries87@nationalgeographic.com,(907) 1413358
640fda21fc13ae4ffc000830,Alyssa Phin,aphin88@cbc.ca,(372) 8548015
640fda21fc13ae4ffc000831,Ruben Ilieve,rilieve89@kickstarter.com,(621) 6162209
640fda21fc13ae4ffc000832,Bidget Roizin,broizin8a@slideshare.net,(173) 6433072
640fda21fc13ae4ffc000833,Nigel Hendriksen,nhendriksen8b@boston.com,(838) 2055159
640fda21fc13ae4ffc000834,Nyssa Lamburn,nlamburn8c@redcross.org,(811) 6306420
640fda21fc13ae4ffc000835,Armand Waleran,awaleran8d@ebay.co.uk,(930) 6251232
640fda21fc13ae4ffc000836,Rawley Battill,rbattill8e@bandcamp.com,(726) 5093787
640fda21fc13ae4ffc000837,Emelyne Dahlberg,edahlberg8f@imageshack.us,(346) 7317421
640fda21fc13ae4ffc000838,Barbette Matuszkiewicz,bmatuszkiewicz8g@usgs.gov,(270) 2733260
640fda21fc13ae4ffc000839,Gay Murr,gmurr8h@ocn.ne.jp,(474) 8718287
640fda21fc13ae4ffc00083a,Cherilyn Gruszecki,cgruszecki8i@pagesperso-orange.fr,(828) 2688735
640fda21fc13ae4ffc00083b,Isidoro Jobbins,ijobbins8j@pbs.org,(256) 4495572
640fda21fc13ae4ffc00083c,Fran Berthelet,fberthelet8k@blogspot.com,(357) 9651523
640fda21fc13ae4ffc00083d,Waite Ritelli,writelli8l@cbslocal.com,(717) 8143401
640fda21fc13ae4ffc00083e,Lise Redington,lredington8m@umn.edu,(451) 6729118
640fda21fc13ae4ffc00083f,Janie Fawcus,jfawcus8n@si.edu,(301) 5357211
640fda21fc13ae4ffc000840,Tobit Corss,tcorss8o@amazonaws.com,(341) 9174582
640fda21fc13ae4ffc000841,Gabby Aston,gaston8p@acquirethisname.com,(150) 9875608
640fda21fc13ae4ffc000842,Deck Sotham,dsotham8q@nydailynews.com,(670) 4474291
640fda21fc13ae4ffc000843,Bryanty Aires,baires8r@pbs.org,(680) 8158529
640fda21fc13ae4ffc000844,Lilith Amthor,lamthor8s@tinyurl.com,(633) 7345098
640fda21fc13ae4ffc000845,Marta Cullotey,mcullotey8t@stumbleupon.com,(914) 6910561
640fda21fc13ae4ffc000846,Bernhard Physick,bphysick8u@topsy.com,(250) 7734514
640fda21fc13ae4ffc000847,Cybill Porker,cporker8v@furl.net,(580) 7463757
640fda21fc13ae4ffc000848,Yvon Dugald,ydugald8w@mashable.com,(885) 4199516
640fda21fc13ae4ffc000849,Deena Plaice,dplaice8x@youtube.com,(473) 8576920
640fda21fc13ae4ffc00084a,Rae Duncanson,rduncanson8y@dropbox.com,(989) 8321823
640fda21fc13ae4ffc00084b,Wakefield Seagrove,wseagrove8z@fda.gov,(661) 8471475
640fda21fc13ae4ffc00084c,Shae Pettigree,spettigree90@google.es,(532) 3358199
640fda21fc13ae4ffc00084d,Philis Hitzschke,phitzschke91@ucoz.ru,(330) 6187311
640fda21fc13ae4ffc00084e,Flory McKyrrelly,fmckyrrelly92@sciencedaily.com,(182) 5966767
640fda21fc13ae4ffc00084f,Pen Romei,promei93@wikia.com,(524) 5457857
640fda21fc13ae4ffc000850,Giraud Coundley,gcoundley94@seesaa.net,(626) 5118940
640fda21fc13ae4ffc000851,Adelice Rehorek,arehorek95@wordpress.org,(885) 2155263
640fda21fc13ae4ffc000852,Chrissie Bellon,cbellon96@feedburner.com,(649) 3087550
640fda21fc13ae4ffc000853,Gilbertina Heighton,gheighton97@over-blog.com,(218) 5756839
640fda21fc13ae4ffc000854,Ciel Carp,ccarp98@deliciousdays.com,(105) 5130860
640fda21fc13ae4ffc000855,Dean Emmines,demmines99@omniture.com,(525) 9723652
640fda21fc13ae4ffc000856,Willy Grinikhin,wgrinikhin9a@so-net.ne.jp,(161) 1972640
640fda21fc13ae4ffc000857,Edgard McCarrick,emccarrick9b@qq.com,(487) 6809538
640fda21fc13ae4ffc000858,Emlynne Olyonov,eolyonov9c@huffingtonpost.com,(825) 7273668
640fda21fc13ae4ffc000859,Fidel Sends,fsends9d@guardian.co.uk,(435) 9778307
640fda21fc13ae4ffc00085a,Mattias Gidney,mgidney9e@squarespace.com,(870) 3703609
640fda21fc13ae4ffc00085b,Andris Govett,agovett9f@nasa.gov,(250) 6913508
640fda21fc13ae4ffc00085c,Fonzie Rubie,frubie9g@wired.com,(460) 4487426
640fda21fc13ae4ffc00085d,Elane Sikora,esikora9h@amazon.co.jp,(564) 1557799
640fda21fc13ae4ffc00085e,Arvie Deerness,adeerness9i@altervista.org,(309) 1603107
640fda21fc13ae4ffc00085f,Kim McLise,kmclise9j@abc.net.au,(489) 3134055
640fda21fc13ae4ffc000860,Barbra Perris,bperris9k@ucoz.ru,(403) 6551931
640fda21fc13ae4ffc000861,Robbi Alpine,ralpine9l@businessinsider.com,(387) 5967098
640fda21fc13ae4ffc000862,Inge Wimbush,iwimbush9m@rakuten.co.jp,(872) 8290854
640fda21fc13ae4ffc000863,Conway Woollends,cwoollends9n@springer.com,(919) 5509871
640fda21fc13ae4ffc000864,Patty Rentz,prentz9o@simplemachines.org,(376) 2656185
640fda21fc13ae4ffc000865,Eadith Shambroke,eshambroke9p@51.la,(638) 6967708
640fda21fc13ae4ffc000866,Darby Glew,dglew9q@devhub.com,(129) 8842047
640fda21fc13ae4ffc000867,Faydra Mathiot,fmathiot9r@mozilla.com,(419) 6980908
640fda21fc13ae4ffc000868,Obie Jeff,ojeff9s@walmart.com,(463) 8719885
640fda21fc13ae4ffc000869,Wendy Gossington,wgossington9t@imgur.com,(583) 6399258
640fda21fc13ae4ffc00086a,Emelina Burborough,eburborough9u@yandex.ru,(120) 6562644
640fda21fc13ae4ffc00086b,Bertram Castagnone,bcastagnone9v@cam.ac.uk,(872) 9120988
640fda21fc13ae4ffc00086c,Willie Stepto,wstepto9w@amazon.co.uk,(381) 2008215
640fda21fc13ae4ffc00086d,Artie Olland,aolland9x@devhub.com,(214) 1993747
640fda21fc13ae4ffc00086e,Catarina Wimbush,cwimbush9y@bandcamp.com,(549) 3213115
640fda21fc13ae4ffc00086f,Carolee Brogini,cbrogini9z@princeton.edu,(773) 2310304
640fda21fc13ae4ffc000870,Nikki Wallbrook,nwallbrooka0@google.it,(528) 5173167
640fda21fc13ae4ffc000871,Trisha Massimi,tmassimia1@google.com.br,(292) 9125172
640fda21fc13ae4ffc000872,Lizzy Vasilchikov,lvasilchikova2@huffingtonpost.com,(785) 6195355
640fda21fc13ae4ffc000873,Bram Cutten,bcuttena3@cpanel.net,(579) 5472262
640fda21fc13ae4ffc000874,Obed Plaschke,oplaschkea4@wiley.com,(486) 9640683
640fda21fc13ae4ffc000875,Eunice Wimsett,ewimsetta5@who.int,(813) 2128010
640fda21fc13ae4ffc000876,Helene Caville,hcavillea6@cbslocal.com,(796) 5823674
640fda21fc13ae4ffc000877,Dorise Yeandel,dyeandela7@51.la,(220) 5761556
640fda21fc13ae4ffc000878,Jessie Lowde,jlowdea8@hud.gov,(168) 6407086
640fda21fc13ae4ffc000879,Helen-elizabeth Cheale,hchealea9@barnesandnoble.com,(756) 2151839
640fda21fc13ae4ffc00087a,Kore Cutbush,kcutbushaa@uiuc.edu,(842) 5528626
640fda21fc13ae4ffc00087b,Chelsae Gentile,cgentileab@ftc.gov,(738) 8351859
640fda21fc13ae4ffc00087c,Mateo Bartalucci,mbartalucciac@accuweather.com,(517) 6037195
640fda21fc13ae4ffc00087d,Nick Maginot,nmaginotad@sciencedirect.com,(436) 8973071
640fda21fc13ae4ffc00087e,Gabbi Blacktin,gblacktinae@51.la,(575) 3437670
640fda21fc13ae4ffc00087f,Anatole Gouldstraw,agouldstrawaf@simplemachines.org,(694) 5833531
640fda21fc13ae4ffc000880,Foss Budik,fbudikag@4shared.com,(669) 6763292
640fda21fc13ae4ffc000881,Dorisa Sudran,dsudranah@foxnews.com,(742) 9344969
640fda21fc13ae4ffc000882,Zane Downton,zdowntonai@privacy.gov.au,(806) 2439801
640fda21fc13ae4ffc000883,Garth Swigg,gswiggaj@nhs.uk,(290) 3037990
640fda22fc13ae4ffc000884,Flossy Glencrosche,fglencroscheak@booking.com,(308) 3053795
640fda22fc13ae4ffc000885,Beitris Lumpkin,blumpkinal@unblog.fr,(116) 8510446
640fda22fc13ae4ffc000886,Holly Tarrier,htarrieram@irs.gov,(917) 5984390
640fda22fc13ae4ffc000887,Brandy Isaq,bisaqan@bing.com,(267) 2348179
640fda22fc13ae4ffc000888,Brandtr Grew,bgrewao@archive.org,(238) 3030044
640fda22fc13ae4ffc000889,Fania Rome,fromeap@naver.com,(273) 3007009
640fda22fc13ae4ffc00088a,Laurie Faussett,lfaussettaq@sciencedirect.com,(686) 6599977
640fda22fc13ae4ffc00088b,Nathan Mulqueen,nmulqueenar@is.gd,(206) 9877726
640fda22fc13ae4ffc00088c,Timmy Macrae,tmacraeas@hostgator.com,(248) 9578486
640fda22fc13ae4ffc00088d,Dori Domerq,ddomerqat@mysql.com,(194) 4332555
640fda22fc13ae4ffc00088e,Elise Smout,esmoutau@posterous.com,(116) 4908706
640fda22fc13ae4ffc00088f,Beckie Penrose,bpenroseav@rediff.com,(207) 6877711
640fda22fc13ae4ffc000890,Shara Wilstead,swilsteadaw@yellowbook.com,(617) 8360789
640fda22fc13ae4ffc000891,Konstanze Weeke,kweekeax@symantec.com,(265) 8647415
640fda22fc13ae4ffc000892,Vanessa Sharpin,vsharpinay@odnoklassniki.ru,(896) 5939537
640fda22fc13ae4ffc000893,Candie Grebert,cgrebertaz@csmonitor.com,(802) 2159063
640fda22fc13ae4ffc000894,Betti Kubica,bkubicab0@squidoo.com,(264) 4584895
640fda22fc13ae4ffc000895,Anderea Cammis,acammisb1@ftc.gov,(976) 5947416
640fda22fc13ae4ffc000896,Michel Borham,mborhamb2@tumblr.com,(665) 5347081
640fda22fc13ae4ffc000897,Yanaton Castledine,ycastledineb3@friendfeed.com,(887) 5635160
640fda22fc13ae4ffc000898,Sadye Durran,sdurranb4@deviantart.com,(525) 8635380
640fda22fc13ae4ffc000899,Keenan Kegg,kkeggb5@msu.edu,(661) 8505885
640fda22fc13ae4ffc00089a,Ruperta Cohani,rcohanib6@ft.com,(727) 6454801
640fda22fc13ae4ffc00089b,Hewet Dewan,hdewanb7@facebook.com,(501) 7994456
640fda22fc13ae4ffc00089c,Aime Confait,aconfaitb8@clickbank.net,(583) 4665931
640fda22fc13ae4ffc00089d,Georgeta Sciacovelli,gsciacovellib9@cocolog-nifty.com,(338) 6052920
640fda22fc13ae4ffc00089e,Jedidiah Wisker,jwiskerba@forbes.com,(811) 8703961
640fda22fc13ae4ffc00089f,Nicolle Karolczyk,nkarolczykbb@usnews.com,(608) 7448774
640fda22fc13ae4ffc0008a0,Elna Iddens,eiddensbc@dyndns.org,(900) 6684668
640fda22fc13ae4ffc0008a1,Matti Abramof,mabramofbd@auda.org.au,(223) 9453646
640fda22fc13ae4ffc0008a2,Doreen Fishlock,dfishlockbe@symantec.com,(662) 6285903
640fda22fc13ae4ffc0008a3,Lotta Karlsen,lkarlsenbf@usnews.com,(313) 6404883
640fda22fc13ae4ffc0008a4,Rennie Josefsohn,rjosefsohnbg@mtv.com,(449) 7970743
640fda22fc13ae4ffc0008a5,Domingo Lautie,dlautiebh@marriott.com,(617) 6585172
640fda22fc13ae4ffc0008a6,Alaster Ealden,aealdenbi@loc.gov,(987) 8304640
640fda22fc13ae4ffc0008a7,Rik Jahncke,rjahnckebj@creativecommons.org,(313) 8772913
640fda22fc13ae4ffc0008a8,Foss Beale,fbealebk@csmonitor.com,(411) 7902499
640fda22fc13ae4ffc0008a9,Lauren Jacquemard,ljacquemardbl@parallels.com,(684) 3994044
640fda22fc13ae4ffc0008aa,Mariann Coupar,mcouparbm@sogou.com,(709) 9527114
640fda22fc13ae4ffc0008ab,Gerome Leckey,gleckeybn@miibeian.gov.cn,(171) 4288266
640fda22fc13ae4ffc0008ac,Lani Bussel,lbusselbo@mit.edu,(805) 7752682
640fda22fc13ae4ffc0008ad,Jacinda Pardie,jpardiebp@odnoklassniki.ru,(310) 9920808
640fda22fc13ae4ffc0008ae,Tiler Conyers,tconyersbq@soundcloud.com,(228) 6777375
640fda22fc13ae4ffc0008af,Kleon Vidgen,kvidgenbr@google.com.hk,(208) 5080494
640fda22fc13ae4ffc0008b0,Brana Blackeby,bblackebybs@auda.org.au,(683) 4454091
640fda22fc13ae4ffc0008b1,Irving Toffaloni,itoffalonibt@livejournal.com,(249) 4229999
640fda22fc13ae4ffc0008b2,Haleigh Shipcott,hshipcottbu@jimdo.com,(459) 5485488
640fda22fc13ae4ffc0008b3,Lanni Scally,lscallybv@google.fr,(680) 9997117
640fda22fc13ae4ffc0008b4,Brant Schrinel,bschrinelbw@multiply.com,(410) 4200205
640fda22fc13ae4ffc0008b5,Jecho Radki,jradkibx@nsw.gov.au,(518) 9669634
640fda22fc13ae4ffc0008b6,Sianna Stebles,ssteblesby@com.com,(584) 1642759
640fda22fc13ae4ffc0008b7,Whitaker Gauford,wgaufordbz@guardian.co.uk,(475) 1960755
640fda22fc13ae4ffc0008b8,Ozzie Vann,ovannc0@chicagotribune.com,(732) 1244364
640fda22fc13ae4ffc0008b9,Calida Duffit,cduffitc1@cisco.com,(856) 7763552
640fda22fc13ae4ffc0008ba,Imogen Joselson,ijoselsonc2@constantcontact.com,(630) 5405533
640fda22fc13ae4ffc0008bb,Gerrie Reary,grearyc3@wiley.com,(604) 9324486
640fda22fc13ae4ffc0008bc,Ilka Chartres,ichartresc4@surveymonkey.com,(442) 8579503
640fda22fc13ae4ffc0008bd,Lurlene Daybell,ldaybellc5@ebay.co.uk,(532) 3849642
640fda22fc13ae4ffc0008be,Torrey Dorricott,tdorricottc6@auda.org.au,(642) 6466602
640fda22fc13ae4ffc0008bf,Lion Dooney,ldooneyc7@merriam-webster.com,(668) 5636915
640fda22fc13ae4ffc0008c0,Hayden Durtnal,hdurtnalc8@odnoklassniki.ru,(713) 3602956
640fda22fc13ae4ffc0008c1,Ginnifer Seabridge,gseabridgec9@godaddy.com,(916) 3874632
640fda22fc13ae4ffc0008c2,Deerdre von Nassau,dvonca@addthis.com,(159) 6109998
640fda22fc13ae4ffc0008c3,Leshia Rambaut,lrambautcb@wired.com,(407) 4487927
640fda22fc13ae4ffc0008c4,Annalise Tremayle,atremaylecc@businessweek.com,(653) 2186733
640fda22fc13ae4ffc0008c5,Tiff Robart,trobartcd@t.co,(288) 1143117
640fda22fc13ae4ffc0008c6,Karoly Bikker,kbikkerce@columbia.edu,(865) 4788344
640fda22fc13ae4ffc0008c7,Marline Macquire,mmacquirecf@mtv.com,(136) 2265518
640fda22fc13ae4ffc0008c8,Cammi Awde,cawdecg@last.fm,(494) 8314679
640fda22fc13ae4ffc0008c9,Ninnetta Ioan,nioanch@shinystat.com,(243) 7499350
640fda22fc13ae4ffc0008ca,Kathy Braganca,kbragancaci@berkeley.edu,(575) 7138289
640fda22fc13ae4ffc0008cb,Kirsti Keiley,kkeileycj@sciencedaily.com,(251) 8315944
640fda22fc13ae4ffc0008cc,Olivette Passingham,opassinghamck@fda.gov,(856) 9371186
640fda22fc13ae4ffc0008cd,Antoine Harford,aharfordcl@who.int,(507) 8712378
640fda22fc13ae4ffc0008ce,Artemus Duchateau,aduchateaucm@prnewswire.com,(326) 8514498
640fda22fc13ae4ffc0008cf,Tomas Trueman,ttruemancn@cmu.edu,(650) 4361133
640fda22fc13ae4ffc0008d0,Shoshana MacShirie,smacshirieco@mashable.com,(716) 6077345
640fda22fc13ae4ffc0008d1,Haley Stubs,hstubscp@digg.com,(765) 3842934
640fda22fc13ae4ffc0008d2,Eldin Butts,ebuttscq@ifeng.com,(546) 7413661
640fda22fc13ae4ffc0008d3,Conchita Pimm,cpimmcr@cisco.com,(185) 5074425
640fda22fc13ae4ffc0008d4,Adena Doyland,adoylandcs@mozilla.com,(939) 2850150
640fda22fc13ae4ffc0008d5,Jill Borell,jborellct@ft.com,(213) 2697807
640fda22fc13ae4ffc0008d6,Shelley Root,srootcu@pen.io,(857) 7118172
640fda22fc13ae4ffc0008d7,Ambur Secretan,asecretancv@nifty.com,(502) 1237727
640fda22fc13ae4ffc0008d8,Dorice Steggals,dsteggalscw@dyndns.org,(718) 8978237
640fda22fc13ae4ffc0008d9,Raphaela Idwal Evans,ridwalcx@cpanel.net,(210) 1059223
640fda22fc13ae4ffc0008da,Heall Deguara,hdeguaracy@google.com.br,(403) 3223155
640fda22fc13ae4ffc0008db,Filmore Poles,fpolescz@un.org,(895) 7400873
640fda22fc13ae4ffc0008dc,Bunnie Elsmore,belsmored0@simplemachines.org,(325) 9684652
640fda22fc13ae4ffc0008dd,Niles Rosenauer,nrosenauerd1@redcross.org,(733) 6311136
640fda22fc13ae4ffc0008de,Meridel Capini,mcapinid2@fotki.com,(207) 6870407
640fda22fc13ae4ffc0008df,Millisent Blick,mblickd3@lycos.com,(186) 3839604
640fda22fc13ae4ffc0008e0,Claudette Abels,cabelsd4@t.co,(316) 9012141
640fda22fc13ae4ffc0008e1,Stacie Kurton,skurtond5@umich.edu,(191) 6822415
640fda22fc13ae4ffc0008e2,Mathian Haxbie,mhaxbied6@amazonaws.com,(307) 5635730
640fda22fc13ae4ffc0008e3,Sonya Wallett,swallettd7@delicious.com,(865) 3909596
640fda22fc13ae4ffc0008e4,Mylo Sline,mslined8@sohu.com,(139) 8275923
640fda22fc13ae4ffc0008e5,Deanne Schult,dschultd9@myspace.com,(783) 4415622
640fda22fc13ae4ffc0008e6,Emmit Kisting,ekistingda@mashable.com,(566) 7162485
640fda22fc13ae4ffc0008e7,Megen Cumo,mcumodb@g.co,(394) 3589812
640fda22fc13ae4ffc0008e8,Clemmy Divall,cdivalldc@hibu.com,(517) 5249328
640fda22fc13ae4ffc0008e9,Erv Levet,elevetdd@mozilla.org,(162) 5958234
640fda22fc13ae4ffc0008ea,Mechelle Pierucci,mpieruccide@china.com.cn,(806) 8653866
640fda22fc13ae4ffc0008eb,Russell O'Cullen,rocullendf@archive.org,(522) 1439308
640fda22fc13ae4ffc0008ec,Cyrill Kocher,ckocherdg@bing.com,(238) 1481229
640fda22fc13ae4ffc0008ed,Verge Stucke,vstuckedh@altervista.org,(668) 8596416
640fda22fc13ae4ffc0008ee,Edithe Zorzutti,ezorzuttidi@google.com.hk,(981) 7176795
640fda22fc13ae4ffc0008ef,Nonnah Waker,nwakerdj@imdb.com,(834) 1687103
640fda22fc13ae4ffc0008f0,Boniface Bamlet,bbamletdk@noaa.gov,(187) 9111778
640fda22fc13ae4ffc0008f1,Ronnica Feaveer,rfeaveerdl@timesonline.co.uk,(466) 3615808
640fda22fc13ae4ffc0008f2,Madelene Courtin,mcourtindm@github.com,(559) 7457301
640fda22fc13ae4ffc0008f3,Giulietta Penson,gpensondn@storify.com,(703) 8574146
640fda22fc13ae4ffc0008f4,Evin Errichelli,eerrichellido@statcounter.com,(317) 5423791
640fda22fc13ae4ffc0008f5,Luca Darrigoe,ldarrigoedp@answers.com,(278) 8222816
640fda22fc13ae4ffc0008f6,Arvin Hegley,ahegleydq@printfriendly.com,(903) 8183193
640fda22fc13ae4ffc0008f7,Roobbie Moggach,rmoggachdr@google.com.au,(334) 4987855
640fda22fc13ae4ffc0008f8,Zachary Le Grice,zleds@tuttocitta.it,(392) 1445536
640fda22fc13ae4ffc0008f9,Mandie Sloper,msloperdt@illinois.edu,(699) 4833398
640fda22fc13ae4ffc0008fa,Alidia Doni,adonidu@google.es,(650) 5072708
640fda22fc13ae4ffc0008fb,Arden Leap,aleapdv@google.it,(226) 9287913
640fda22fc13ae4ffc0008fc,Bobine Gianuzzi,bgianuzzidw@multiply.com,(916) 6146304
640fda22fc13ae4ffc0008fd,Beatrix Giroldo,bgiroldodx@linkedin.com,(176) 1843270
640fda22fc13ae4ffc0008fe,Alasdair Gerrit,agerritdy@washingtonpost.com,(873) 8779459
640fda22fc13ae4ffc0008ff,Virgil Eymer,veymerdz@networksolutions.com,(384) 7716838
640fda22fc13ae4ffc000900,Taddeo Verney,tverneye0@loc.gov,(165) 7946927
640fda22fc13ae4ffc000901,Benoite Calrow,bcalrowe1@independent.co.uk,(677) 9098953
640fda22fc13ae4ffc000902,Kelvin Zorzin,kzorzine2@storify.com,(296) 2794958
640fda22fc13ae4ffc000903,Bianka Pocke,bpockee3@harvard.edu,(579) 1909619
640fda22fc13ae4ffc000904,Lonni Stirgess,lstirgesse4@digg.com,(651) 5961399
640fda22fc13ae4ffc000905,Norrie Dallywater,ndallywatere5@webmd.com,(550) 2281556
640fda22fc13ae4ffc000906,Zed Mockes,zmockese6@gravatar.com,(470) 8371951
640fda22fc13ae4ffc000907,Valencia Grinstead,vgrinsteade7@netscape.com,(215) 8650109
640fda22fc13ae4ffc000908,Genevieve Beckmann,gbeckmanne8@samsung.com,(540) 8269069
640fda22fc13ae4ffc000909,Rea Canter,rcantere9@mapquest.com,(670) 1486462
640fda22fc13ae4ffc00090a,Idell Birden,ibirdenea@etsy.com,(712) 8884699
640fda22fc13ae4ffc00090b,Claribel Hughill,chughilleb@digg.com,(733) 4922306
640fda22fc13ae4ffc00090c,Leif Luto,llutoec@soup.io,(825) 1194323
640fda22fc13ae4ffc00090d,Zilvia Abbys,zabbysed@loc.gov,(722) 1029688
640fda22fc13ae4ffc00090e,Rube Medendorp,rmedendorpee@dyndns.org,(611) 1516345
640fda22fc13ae4ffc00090f,Kally Winslet,kwinsletef@bloglovin.com,(344) 3184907
640fda22fc13ae4ffc000910,Killian Redhills,kredhillseg@blogs.com,(204) 7321262
640fda22fc13ae4ffc000911,Lisa Hungerford,lhungerfordeh@biglobe.ne.jp,(920) 6444051
640fda22fc13ae4ffc000912,Fayre Heustace,fheustaceei@tuttocitta.it,(317) 8060537
640fda22fc13ae4ffc000913,Ruth Gillyatt,rgillyattej@businesswire.com,(483) 4443795
640fda22fc13ae4ffc000914,Conny Ruane,cruaneek@booking.com,(979) 8720210
640fda22fc13ae4ffc000915,Kally Sessuns,ksessunsel@jimdo.com,(973) 8069236
640fda22fc13ae4ffc000916,Yolanda Badrick,ybadrickem@myspace.com,(194) 6437962
640fda22fc13ae4ffc000917,Ainslie Zimmer,azimmeren@mail.ru,(916) 1500133
640fda22fc13ae4ffc000918,Clovis West,cwesteo@cocolog-nifty.com,(730) 6411076
640fda22fc13ae4ffc000919,Oralia Crisford,ocrisfordep@thetimes.co.uk,(275) 3400114
640fda22fc13ae4ffc00091a,Tuesday Grinyer,tgrinyereq@google.de,(898) 5534652
640fda22fc13ae4ffc00091b,Louella Annear,lannearer@washington.edu,(422) 5999037
640fda22fc13ae4ffc00091c,Harriet Peagram,hpeagrames@4shared.com,(560) 9597716
640fda22fc13ae4ffc00091d,Jeannie Artus,jartuset@ed.gov,(768) 9717897
640fda22fc13ae4ffc00091e,Wenona Mangeney,wmangeneyeu@imdb.com,(695) 6955362
640fda22fc13ae4ffc00091f,Gwenni Danelutti,gdaneluttiev@springer.com,(254) 8482246
640fda22fc13ae4ffc000920,Pauly Doughty,pdoughtyew@scribd.com,(271) 4067486
640fda22fc13ae4ffc000921,Juliana Veryan,jveryanex@instagram.com,(204) 5575450
640fda22fc13ae4ffc000922,Silvio Embleton,sembletoney@g.co,(135) 3810013
640fda22fc13ae4ffc000923,Glynda Chidwick,gchidwickez@angelfire.com,(443) 7467505
640fda22fc13ae4ffc000924,Holly Troker,htrokerf0@senate.gov,(753) 1224259
640fda22fc13ae4ffc000925,Bibbye Damiral,bdamiralf1@gravatar.com,(332) 5449778
640fda22fc13ae4ffc000926,Roz Deeney,rdeeneyf2@ed.gov,(928) 6360929
640fda22fc13ae4ffc000927,Dionis Chell,dchellf3@nps.gov,(929) 6419711
640fda22fc13ae4ffc000928,Had Cicchitello,hcicchitellof4@statcounter.com,(251) 6259454
640fda22fc13ae4ffc000929,Lemuel Bloxham,lbloxhamf5@amazon.com,(726) 7307643
640fda22fc13ae4ffc00092a,Fulton Wollen,fwollenf6@twitter.com,(538) 8856456
640fda22fc13ae4ffc00092b,Devlin De Ambrosis,ddef7@examiner.com,(865) 6182338
640fda22fc13ae4ffc00092c,Laughton Croisier,lcroisierf8@who.int,(139) 8118778
640fda22fc13ae4ffc00092d,Natty Skeleton,nskeletonf9@weibo.com,(397) 9361913
640fda22fc13ae4ffc00092e,Pauline O' Hanvey,pofa@google.fr,(477) 8649090
640fda22fc13ae4ffc00092f,Janessa Jannings,jjanningsfb@home.pl,(241) 5071365
640fda22fc13ae4ffc000930,Obediah Laugherane,olaugheranefc@cyberchimps.com,(717) 1448972
640fda22fc13ae4ffc000931,Bryant Petkovic,bpetkovicfd@dropbox.com,(269) 2558359
640fda22fc13ae4ffc000932,Livy Haacker,lhaackerfe@tuttocitta.it,(589) 1389931
640fda22fc13ae4ffc000933,Briano Sudddard,bsudddardff@de.vu,(180) 9691618
640fda22fc13ae4ffc000934,Jania Bruntjen,jbruntjenfg@omniture.com,(578) 9417281
640fda22fc13ae4ffc000935,Mickie Sunock,msunockfh@epa.gov,(587) 6589012
640fda22fc13ae4ffc000936,Duncan Timlin,dtimlinfi@so-net.ne.jp,(527) 5455999
640fda22fc13ae4ffc000937,Delbert Gouch,dgouchfj@e-recht24.de,(181) 4669688
640fda22fc13ae4ffc000938,Teddie Lenin,tleninfk@weibo.com,(421) 8843341
640fda22fc13ae4ffc000939,Zsazsa Bourdon,zbourdonfl@jimdo.com,(231) 5810741
640fda22fc13ae4ffc00093a,Adore Baline,abalinefm@arstechnica.com,(817) 3883199
640fda22fc13ae4ffc00093b,Tobie Miranda,tmirandafn@youtu.be,(599) 1443136
640fda22fc13ae4ffc00093c,Joice Smoote,jsmootefo@exblog.jp,(313) 5815485
640fda22fc13ae4ffc00093d,Isabel Pentycross,ipentycrossfp@mayoclinic.com,(441) 1613770
640fda22fc13ae4ffc00093e,Keen Heynen,kheynenfq@msu.edu,(184) 2735103
640fda22fc13ae4ffc00093f,Sherman Tedstone,stedstonefr@symantec.com,(972) 7857865
640fda22fc13ae4ffc000940,Sinclair Pitkin,spitkinfs@imgur.com,(707) 9863408
640fda22fc13ae4ffc000941,Killie Shiell,kshiellft@i2i.jp,(931) 8810707
640fda22fc13ae4ffc000942,Evangelina Edwick,eedwickfu@surveymonkey.com,(786) 6658907
640fda22fc13ae4ffc000943,Delmar Rennock,drennockfv@instagram.com,(269) 6422912
640fda22fc13ae4ffc000944,Marty Lelliott,mlelliottfw@wisc.edu,(806) 1490737
640fda22fc13ae4ffc000945,Alexei Cragg,acraggfx@t.co,(369) 1401328
640fda22fc13ae4ffc000946,Wilek Antonchik,wantonchikfy@nasa.gov,(920) 5443721
640fda22fc13ae4ffc000947,Albina Mayor,amayorfz@timesonline.co.uk,(784) 1827729
640fda22fc13ae4ffc000948,Randy Bertlin,rbertling0@gov.uk,(526) 7599068
640fda22fc13ae4ffc000949,Baxy Fiennes,bfiennesg1@trellian.com,(806) 7231375
640fda22fc13ae4ffc00094a,Cad Matiashvili,cmatiashvilig2@google.ru,(757) 4919518
640fda22fc13ae4ffc00094b,Antonius Cattach,acattachg3@cbsnews.com,(515) 6799734
640fda22fc13ae4ffc00094c,Ira Asals,iasalsg4@youku.com,(277) 3261266
640fda22fc13ae4ffc00094d,Sigismundo Curzon,scurzong5@people.com.cn,(468) 7166933
640fda22fc13ae4ffc00094e,Bealle Boyles,bboylesg6@webeden.co.uk,(864) 8127907
640fda22fc13ae4ffc00094f,Esteban Stockford,estockfordg7@narod.ru,(883) 9392104
640fda22fc13ae4ffc000950,Jaquith Yuill,jyuillg8@buzzfeed.com,(971) 9043736
640fda22fc13ae4ffc000951,Charmine Vynall,cvynallg9@ycombinator.com,(368) 7026688
640fda22fc13ae4ffc000952,Jobye Janes,jjanesga@unc.edu,(948) 6421548
640fda22fc13ae4ffc000953,Iseabal Krolak,ikrolakgb@tumblr.com,(570) 1235404
640fda22fc13ae4ffc000954,Lefty Kurton,lkurtongc@over-blog.com,(886) 3720640
640fda22fc13ae4ffc000955,Enoch Behnecken,ebehneckengd@youtube.com,(703) 4055881
640fda22fc13ae4ffc000956,Rasla McGuirk,rmcguirkge@unicef.org,(921) 7820396
640fda22fc13ae4ffc000957,Huntley Duplock,hduplockgf@bbb.org,(183) 5031484
640fda22fc13ae4ffc000958,Antin Dannehl,adannehlgg@buzzfeed.com,(818) 7202511
640fda22fc13ae4ffc000959,Gena Brithman,gbrithmangh@unc.edu,(328) 4185282
640fda22fc13ae4ffc00095a,Niven Goalley,ngoalleygi@loc.gov,(185) 7888416
640fda22fc13ae4ffc00095b,Shayla Lebel,slebelgj@bloomberg.com,(988) 5493661
640fda22fc13ae4ffc00095c,Timi Ouldcott,touldcottgk@xinhuanet.com,(782) 9293300
640fda22fc13ae4ffc00095d,Granthem Anfossi,ganfossigl@prlog.org,(160) 5816909
640fda22fc13ae4ffc00095e,Denyse Guiet,dguietgm@comsenz.com,(805) 1880193
640fda22fc13ae4ffc00095f,Melvin Scare,mscaregn@is.gd,(229) 6306072
640fda22fc13ae4ffc000960,Reagen Penke,rpenkego@yellowbook.com,(416) 2596990
640fda22fc13ae4ffc000961,Ennis Mulrooney,emulrooneygp@nationalgeographic.com,(625) 6461653
640fda22fc13ae4ffc000962,Nora Flook,nflookgq@imgur.com,(292) 8840490
640fda22fc13ae4ffc000963,Hiram Akers,hakersgr@prlog.org,(666) 4040254
640fda22fc13ae4ffc000964,Mikol Willmer,mwillmergs@biglobe.ne.jp,(840) 5539690
640fda22fc13ae4ffc000965,Berget Leman,blemangt@people.com.cn,(963) 1042810
640fda22fc13ae4ffc000966,Caril McCalum,cmccalumgu@shop-pro.jp,(809) 7933484
640fda22fc13ae4ffc000967,Belle Mattingley,bmattingleygv@nymag.com,(931) 1866126
640fda22fc13ae4ffc000968,Desiree Simacek,dsimacekgw@senate.gov,(808) 3216658
640fda22fc13ae4ffc000969,Marco Mucklo,mmucklogx@dagondesign.com,(556) 9149715
640fda22fc13ae4ffc00096a,Kimberley Jimmison,kjimmisongy@independent.co.uk,(512) 5641398
640fda22fc13ae4ffc00096b,Antin Denisovich,adenisovichgz@imageshack.us,(219) 8603728
640fda22fc13ae4ffc00096c,Brunhilda Barwell,bbarwellh0@freewebs.com,(588) 5081648
640fda22fc13ae4ffc00096d,Kylynn Vonderdell,kvonderdellh1@thetimes.co.uk,(951) 7751794
640fda22fc13ae4ffc00096e,Sheila-kathryn Yarwood,syarwoodh2@edublogs.org,(277) 3168132
640fda22fc13ae4ffc00096f,Philbert Ramlot,pramloth3@businessinsider.com,(419) 6739626
640fda22fc13ae4ffc000970,Neils Tidey,ntideyh4@woothemes.com,(368) 2490371
640fda22fc13ae4ffc000971,Stanleigh Fenich,sfenichh5@comcast.net,(454) 7908925
640fda22fc13ae4ffc000972,Fin Moysey,fmoyseyh6@mit.edu,(835) 1161523
640fda22fc13ae4ffc000973,Xylia Scardefield,xscardefieldh7@canalblog.com,(736) 3020590
640fda22fc13ae4ffc000974,Nyssa Huccaby,nhuccabyh8@apache.org,(858) 9865435
640fda22fc13ae4ffc000975,Burnaby Lebang,blebangh9@dyndns.org,(887) 3308337
640fda22fc13ae4ffc000976,Lay Yurenin,lyureninha@wikipedia.org,(810) 4330439
640fda22fc13ae4ffc000977,Gennie Maddra,gmaddrahb@i2i.jp,(978) 7230461
640fda22fc13ae4ffc000978,Corbie Vogel,cvogelhc@cargocollective.com,(548) 4088757
640fda22fc13ae4ffc000979,Marilin Warner,mwarnerhd@arstechnica.com,(184) 5638040
640fda22fc13ae4ffc00097a,Salmon Stucke,sstuckehe@cnbc.com,(584) 3047278
640fda22fc13ae4ffc00097b,Blondelle Blanche,bblanchehf@networksolutions.com,(702) 4362010
640fda22fc13ae4ffc00097c,Aaren Henrique,ahenriquehg@multiply.com,(906) 9595738
640fda22fc13ae4ffc00097d,Aviva Hewell,ahewellhh@canalblog.com,(680) 4630761
640fda22fc13ae4ffc00097e,Rodie Callington,rcallingtonhi@vimeo.com,(508) 3769741
640fda22fc13ae4ffc00097f,Aubine Whear,awhearhj@reddit.com,(591) 1172413
640fda22fc13ae4ffc000980,Katey Brauns,kbraunshk@uol.com.br,(751) 8424820
640fda22fc13ae4ffc000981,Abbey Ruspine,aruspinehl@bigcartel.com,(502) 4772169
640fda22fc13ae4ffc000982,Evan Stuckford,estuckfordhm@cafepress.com,(388) 3228924
640fda22fc13ae4ffc000983,Leora Ilyasov,lilyasovhn@icq.com,(737) 4290107
640fda22fc13ae4ffc000984,Rebecca Duff,rduffho@prlog.org,(456) 7994313
640fda22fc13ae4ffc000985,Ava Cloy,acloyhp@twitter.com,(487) 3676540
640fda22fc13ae4ffc000986,Benedikta Coultish,bcoultishhq@gnu.org,(259) 9649019
640fda22fc13ae4ffc000987,Jordan Scroxton,jscroxtonhr@cnet.com,(977) 7992785
640fda22fc13ae4ffc000988,Cornall Leser,cleserhs@sphinn.com,(714) 1706958
640fda22fc13ae4ffc000989,Goraud Kobu,gkobuht@nifty.com,(521) 6178792
640fda22fc13ae4ffc00098a,Sal Mallaby,smallabyhu@google.com.br,(343) 3505404
640fda22fc13ae4ffc00098b,Ted McKeighen,tmckeighenhv@hhs.gov,(556) 7644706
640fda22fc13ae4ffc00098c,Sophronia Clerke,sclerkehw@hhs.gov,(371) 2132680
640fda22fc13ae4ffc00098d,Fionnula Pietrowicz,fpietrowiczhx@stanford.edu,(944) 2665672
640fda22fc13ae4ffc00098e,Olive Kenway,okenwayhy@jugem.jp,(318) 4121386
640fda22fc13ae4ffc00098f,Tim Cleveley,tcleveleyhz@google.ru,(882) 9907939
640fda22fc13ae4ffc000990,Asher Kertess,akertessi0@posterous.com,(386) 9086152
640fda22fc13ae4ffc000991,Angeline Clink,aclinki1@clickbank.net,(384) 9196823
640fda22fc13ae4ffc000992,Lorena Dionisio,ldionisioi2@microsoft.com,(193) 5283751
640fda22fc13ae4ffc000993,Sylvester Ritmeier,sritmeieri3@oaic.gov.au,(769) 9217669
640fda22fc13ae4ffc000994,Yoko Keohane,ykeohanei4@alibaba.com,(338) 4741755
640fda22fc13ae4ffc000995,Corinne Fender,cfenderi5@goo.ne.jp,(913) 8254736
640fda22fc13ae4ffc000996,Adolpho Phythean,aphytheani6@nifty.com,(498) 6920651
640fda22fc13ae4ffc000997,Lyndsay De Mico,ldei7@abc.net.au,(773) 8263573
640fda22fc13ae4ffc000998,Moll Rittelmeyer,mrittelmeyeri8@house.gov,(499) 2993288
640fda22fc13ae4ffc000999,Channa Ellison,cellisoni9@jigsy.com,(883) 2018159
640fda22fc13ae4ffc00099a,Valle O'Leahy,voleahyia@amazon.de,(515) 3126941
640fda22fc13ae4ffc00099b,Nicolai Wickie,nwickieib@slashdot.org,(334) 4354516
640fda22fc13ae4ffc00099c,Albrecht Flippini,aflippiniic@boston.com,(342) 2461553
640fda22fc13ae4ffc00099d,Grace Gristwood,ggristwoodid@hibu.com,(629) 6551244
640fda22fc13ae4ffc00099e,Stavros Towns,stownsie@foxnews.com,(811) 5819956
640fda22fc13ae4ffc00099f,Bea Calbrathe,bcalbratheif@simplemachines.org,(665) 1904163
640fda22fc13ae4ffc0009a0,Rooney Sinson,rsinsonig@msn.com,(279) 6597431
640fda22fc13ae4ffc0009a1,Karel Kacheler,kkachelerih@wordpress.com,(148) 9880976
640fda22fc13ae4ffc0009a2,Nathaniel Dawbury,ndawburyii@ebay.co.uk,(980) 6880792
640fda22fc13ae4ffc0009a3,Adora Dawbury,adawburyij@state.tx.us,(736) 3470151
640fda22fc13ae4ffc0009a4,Ronny Thorndycraft,rthorndycraftik@theatlantic.com,(262) 6467668
640fda22fc13ae4ffc0009a5,Dukie Gallichan,dgallichanil@networkadvertising.org,(625) 3984041
640fda22fc13ae4ffc0009a6,Solly McKeurton,smckeurtonim@ovh.net,(790) 8672400
640fda22fc13ae4ffc0009a7,Rosy Arthars,rartharsin@ameblo.jp,(824) 3116476
640fda22fc13ae4ffc0009a8,Allan Nuzzetti,anuzzettiio@over-blog.com,(638) 2173796
640fda22fc13ae4ffc0009a9,Corrine Daoust,cdaoustip@chron.com,(593) 8890209
640fda22fc13ae4ffc0009aa,Ronnie Labbett,rlabbettiq@youtu.be,(801) 3614202
640fda22fc13ae4ffc0009ab,Xaviera Chalk,xchalkir@yale.edu,(331) 3954793
640fda22fc13ae4ffc0009ac,Andria McKennan,amckennanis@netscape.com,(466) 8543067
640fda22fc13ae4ffc0009ad,Elsi Wainman,ewainmanit@weibo.com,(597) 6401087
640fda22fc13ae4ffc0009ae,Slade Manvelle,smanvelleiu@amazon.com,(938) 5636088
640fda22fc13ae4ffc0009af,Annabela Farren,afarreniv@prlog.org,(134) 5367843
640fda22fc13ae4ffc0009b0,Genevra Romaint,gromaintiw@telegraph.co.uk,(604) 2987171
640fda22fc13ae4ffc0009b1,Justis McReath,jmcreathix@privacy.gov.au,(978) 3434544
640fda22fc13ae4ffc0009b2,Janene Cowperthwaite,jcowperthwaiteiy@craigslist.org,(783) 2330766
640fda22fc13ae4ffc0009b3,Launce Tann,ltanniz@1und1.de,(470) 4355863
640fda22fc13ae4ffc0009b4,Torie Lane,tlanej0@webnode.com,(423) 2987266
640fda22fc13ae4ffc0009b5,Lorianne Chatters,lchattersj1@census.gov,(181) 5345794
640fda22fc13ae4ffc0009b6,Cheri Buckney,cbuckneyj2@behance.net,(876) 6244742
640fda22fc13ae4ffc0009b7,Jared Ucceli,juccelij3@hubpages.com,(478) 8303334
640fda22fc13ae4ffc0009b8,Todd Beyn,tbeynj4@fc2.com,(843) 2810442
640fda22fc13ae4ffc0009b9,Maura Verbrugghen,mverbrugghenj5@wiley.com,(412) 3845641
640fda22fc13ae4ffc0009ba,Rosamund Lillegard,rlillegardj6@wiley.com,(288) 5381443
640fda22fc13ae4ffc0009bb,Neely Blunsom,nblunsomj7@hubpages.com,(351) 1208237
640fda22fc13ae4ffc0009bc,Kristan McCaster,kmccasterj8@jiathis.com,(625) 2487879
640fda22fc13ae4ffc0009bd,Louisa Dimitresco,ldimitrescoj9@google.nl,(177) 3400373
640fda22fc13ae4ffc0009be,Dulcie McGeorge,dmcgeorgeja@oakley.com,(207) 2072996
640fda22fc13ae4ffc0009bf,Nelly De Lascy,ndejb@feedburner.com,(415) 1752689
640fda22fc13ae4ffc0009c0,Shena Alldritt,salldrittjc@shinystat.com,(239) 3509092
640fda22fc13ae4ffc0009c1,Shaun Longrigg,slongriggjd@chron.com,(315) 5091555
640fda22fc13ae4ffc0009c2,Hannis Kirkland,hkirklandje@digg.com,(961) 9013010
640fda22fc13ae4ffc0009c3,Viv Aberkirdo,vaberkirdojf@unc.edu,(368) 5459778
640fda22fc13ae4ffc0009c4,Garrot Jobbing,gjobbingjg@tinyurl.com,(854) 1421146
640fda22fc13ae4ffc0009c5,Deloria Croome,dcroomejh@examiner.com,(450) 8914747
640fda22fc13ae4ffc0009c6,Salaidh Pudan,spudanji@sphinn.com,(304) 6758202
640fda22fc13ae4ffc0009c7,Ambur Dat,adatjj@slashdot.org,(615) 2765386
640fda22fc13ae4ffc0009c8,Niven Devorill,ndevorilljk@t.co,(924) 8685404
640fda22fc13ae4ffc0009c9,Hilliard Renon,hrenonjl@qq.com,(993) 8987044
640fda22fc13ae4ffc0009ca,Anatola Aubery,aauberyjm@dell.com,(790) 5411161
640fda22fc13ae4ffc0009cb,Bee Sporgeon,bsporgeonjn@mail.ru,(848) 1568705
640fda22fc13ae4ffc0009cc,Raimundo Necrews,rnecrewsjo@wired.com,(655) 1074392
640fda22fc13ae4ffc0009cd,Mannie Ramirez,mramirezjp@home.pl,(689) 3492428
640fda22fc13ae4ffc0009ce,Leese Stede,lstedejq@dmoz.org,(328) 5483456
640fda22fc13ae4ffc0009cf,Klara Wildgoose,kwildgoosejr@ycombinator.com,(129) 5348505
640fda22fc13ae4ffc0009d0,Drusy Purshouse,dpurshousejs@eepurl.com,(170) 4750399
640fda22fc13ae4ffc0009d1,Noble Schwerin,nschwerinjt@lulu.com,(288) 8324927
640fda22fc13ae4ffc0009d2,Junia Oke,jokeju@upenn.edu,(259) 1070965
640fda22fc13ae4ffc0009d3,Renaud Cornilleau,rcornilleaujv@nbcnews.com,(967) 5915487
640fda22fc13ae4ffc0009d4,Dorella Kick,dkickjw@indiatimes.com,(147) 3229413
640fda22fc13ae4ffc0009d5,Elsey Wrey,ewreyjx@simplemachines.org,(310) 2718048
640fda22fc13ae4ffc0009d6,Mareah Fluger,mflugerjy@soup.io,(613) 1751348
640fda22fc13ae4ffc0009d7,Madelene Forseith,mforseithjz@aboutads.info,(147) 4539422
640fda22fc13ae4ffc0009d8,Cirilo Bowmer,cbowmerk0@blog.com,(307) 7429353
640fda22fc13ae4ffc0009d9,Mathian Dismore,mdismorek1@prweb.com,(889) 8069169
640fda22fc13ae4ffc0009da,Waldemar Poure,wpourek2@posterous.com,(675) 1597075
640fda22fc13ae4ffc0009db,Melissa Keable,mkeablek3@gizmodo.com,(919) 8383747
640fda22fc13ae4ffc0009dc,Read Fundell,rfundellk4@spiegel.de,(106) 5895829
640fda22fc13ae4ffc0009dd,Ros Heigl,rheiglk5@histats.com,(976) 7204556
640fda22fc13ae4ffc0009de,Jared Von Welldun,jvonk6@fema.gov,(164) 4087492
640fda22fc13ae4ffc0009df,Chiquita Wrightson,cwrightsonk7@yellowpages.com,(176) 8214050
640fda22fc13ae4ffc0009e0,Janna Battersby,jbattersbyk8@tamu.edu,(447) 3256182
640fda22fc13ae4ffc0009e1,Yasmin Swansbury,yswansburyk9@google.ca,(267) 2434117
640fda22fc13ae4ffc0009e2,Nina McQuorkell,nmcquorkellka@nationalgeographic.com,(391) 7789332
640fda22fc13ae4ffc0009e3,Elysha Litchmore,elitchmorekb@seesaa.net,(702) 2215967
640fda22fc13ae4ffc0009e4,Onofredo Nattrass,onattrasskc@java.com,(359) 9873586
640fda22fc13ae4ffc0009e5,Mignon Habbes,mhabbeskd@google.com.au,(296) 4255603
640fda22fc13ae4ffc0009e6,Sauncho Bayless,sbaylesske@live.com,(167) 9590933
640fda22fc13ae4ffc0009e7,Mallory Peret,mperetkf@printfriendly.com,(480) 3553267
640fda22fc13ae4ffc0009e8,Jabez Medford,jmedfordkg@who.int,(835) 3450805
640fda22fc13ae4ffc0009e9,Abran Ellerby,aellerbykh@yahoo.com,(567) 5357823
640fda22fc13ae4ffc0009ea,Dari McArtan,dmcartanki@java.com,(226) 9511095
640fda22fc13ae4ffc0009eb,Essy Glasscock,eglasscockkj@wikispaces.com,(823) 4699280
640fda22fc13ae4ffc0009ec,Kelbee Hurdwell,khurdwellkk@ycombinator.com,(344) 7622211
640fda22fc13ae4ffc0009ed,Allyn Huyton,ahuytonkl@bandcamp.com,(162) 1851688
640fda22fc13ae4ffc0009ee,Shepard Edgell,sedgellkm@seattletimes.com,(501) 8368994
640fda22fc13ae4ffc0009ef,Meg Frowen,mfrowenkn@friendfeed.com,(210) 1770644
640fda22fc13ae4ffc0009f0,Thekla Gotobed,tgotobedko@nytimes.com,(555) 8383822
640fda22fc13ae4ffc0009f1,Sophi Catley,scatleykp@walmart.com,(230) 2149568
640fda22fc13ae4ffc0009f2,Hailee Husk,hhuskkq@goodreads.com,(842) 3901261
640fda22fc13ae4ffc0009f3,Ellery Clissold,eclissoldkr@wordpress.org,(494) 5656124
640fda22fc13ae4ffc0009f4,Glynis Rewcassell,grewcassellks@ocn.ne.jp,(545) 2296426
640fda22fc13ae4ffc0009f5,Dimitri Popham,dpophamkt@patch.com,(494) 3028722
640fda22fc13ae4ffc0009f6,Jolee Coleman,jcolemanku@seattletimes.com,(951) 2234015
640fda22fc13ae4ffc0009f7,Toby Treen,ttreenkv@slashdot.org,(571) 4225169
640fda22fc13ae4ffc0009f8,Fiona Antrack,fantrackkw@cmu.edu,(119) 3538935
640fda22fc13ae4ffc0009f9,Colleen Duncanson,cduncansonkx@lulu.com,(222) 4944230
640fda22fc13ae4ffc0009fa,Derwin Ryce,dryceky@ftc.gov,(788) 5876092
640fda22fc13ae4ffc0009fb,Sella Muckley,smuckleykz@harvard.edu,(702) 7633985
640fda22fc13ae4ffc0009fc,Gavrielle Moppett,gmoppettl0@google.com.br,(557) 4809595
640fda22fc13ae4ffc0009fd,Shannan Chadderton,schaddertonl1@vistaprint.com,(829) 8924598
640fda22fc13ae4ffc0009fe,Brucie Rimington,brimingtonl2@nationalgeographic.com,(395) 7810080
640fda22fc13ae4ffc0009ff,Catlee Rockhill,crockhilll3@forbes.com,(880) 2504913
640fda22fc13ae4ffc000a00,Roosevelt Scothern,rscothernl4@digg.com,(657) 3773330
640fda22fc13ae4ffc000a01,Salim Janak,sjanakl5@freewebs.com,(155) 1778954
640fda22fc13ae4ffc000a02,Marci Tallowin,mtallowinl6@google.co.uk,(934) 4552949
640fda22fc13ae4ffc000a03,Rogerio Holsey,rholseyl7@google.com,(267) 9791194
640fda22fc13ae4ffc000a04,Lindsy Fell,lfelll8@last.fm,(659) 3385708
640fda22fc13ae4ffc000a05,Mal Connaughton,mconnaughtonl9@live.com,(614) 3898665
640fda22fc13ae4ffc000a06,Kristien Rumin,kruminla@hugedomains.com,(796) 5136447
640fda22fc13ae4ffc000a07,Moyna Kleinsinger,mkleinsingerlb@usda.gov,(776) 5195289
640fda22fc13ae4ffc000a08,Martie Flood,mfloodlc@nbcnews.com,(206) 6995343
640fda22fc13ae4ffc000a09,Celie Kniveton,cknivetonld@google.co.jp,(158) 8880801
640fda22fc13ae4ffc000a0a,Brinna Joncic,bjoncicle@hud.gov,(660) 2714195
640fda22fc13ae4ffc000a0b,Solomon Brockley,sbrockleylf@nymag.com,(862) 6350837
640fda22fc13ae4ffc000a0c,Mavis Mattityahou,mmattityahoulg@auda.org.au,(840) 5776374
640fda22fc13ae4ffc000a0d,Piper Harvett,pharvettlh@blogs.com,(532) 9826555
640fda22fc13ae4ffc000a0e,Asa Zarfati,azarfatili@1und1.de,(251) 3267435
640fda22fc13ae4ffc000a0f,Lay Schoolcroft,lschoolcroftlj@trellian.com,(622) 8648097
640fda22fc13ae4ffc000a10,Cathleen Goodale,cgoodalelk@businessinsider.com,(356) 9740801
640fda22fc13ae4ffc000a11,Khalil Kilmurray,kkilmurrayll@shop-pro.jp,(756) 5955378
640fda22fc13ae4ffc000a12,Albie Filyashin,afilyashinlm@dell.com,(929) 4582814
640fda22fc13ae4ffc000a13,Brion Gladdifh,bgladdifhln@163.com,(362) 4915905
640fda22fc13ae4ffc000a14,Brock Radmore,bradmorelo@latimes.com,(742) 7862952
640fda22fc13ae4ffc000a15,Delia Gregori,dgregorilp@mozilla.com,(858) 1187875
640fda22fc13ae4ffc000a16,Hamnet Hourstan,hhourstanlq@furl.net,(998) 8409350
640fda22fc13ae4ffc000a17,Harlen Buckle,hbucklelr@thetimes.co.uk,(689) 2825340
640fda22fc13ae4ffc000a18,Babita Brithman,bbrithmanls@mail.ru,(947) 8410078
640fda22fc13ae4ffc000a19,Hinze Frantzeni,hfrantzenilt@usnews.com,(165) 7083408
640fda22fc13ae4ffc000a1a,Gwenny Bramhill,gbramhilllu@harvard.edu,(723) 9948768
640fda22fc13ae4ffc000a1b,Ailsun Hanburry,ahanburrylv@nationalgeographic.com,(429) 2358399
640fda22fc13ae4ffc000a1c,Lisette Tresvina,ltresvinalw@columbia.edu,(982) 5654689
640fda22fc13ae4ffc000a1d,Kenton Kilmaster,kkilmasterlx@abc.net.au,(154) 6079751
640fda22fc13ae4ffc000a1e,Adrianna Wildgoose,awildgoosely@over-blog.com,(591) 9077046
640fda22fc13ae4ffc000a1f,Sig Shoveller,sshovellerlz@prweb.com,(409) 5706533
640fda22fc13ae4ffc000a20,Leena Naper,lnaperm0@xing.com,(996) 9692972
640fda22fc13ae4ffc000a21,Devon Guiness,dguinessm1@so-net.ne.jp,(148) 2247135
640fda22fc13ae4ffc000a22,Janenna Crich,jcrichm2@1688.com,(337) 7570162
640fda22fc13ae4ffc000a23,Leigh Glantz,lglantzm3@quantcast.com,(723) 3877513
640fda22fc13ae4ffc000a24,Benoite Melendez,bmelendezm4@blogspot.com,(573) 8865931
640fda22fc13ae4ffc000a25,Igor Loines,iloinesm5@miibeian.gov.cn,(680) 6460706
640fda22fc13ae4ffc000a26,Kati Itzchaky,kitzchakym6@sfgate.com,(656) 6009003
640fda22fc13ae4ffc000a27,Miquela Santer,msanterm7@apple.com,(458) 9860535
640fda22fc13ae4ffc000a28,Cad Lindenbluth,clindenbluthm8@nbcnews.com,(215) 4537585
640fda22fc13ae4ffc000a29,Anne-marie Hatwell,ahatwellm9@zdnet.com,(225) 3060862
640fda22fc13ae4ffc000a2a,Denice Kloster,dklosterma@sciencedaily.com,(708) 8544577
640fda22fc13ae4ffc000a2b,Fawn Wareing,fwareingmb@barnesandnoble.com,(580) 1746361
640fda22fc13ae4ffc000a2c,Edwin Riddall,eriddallmc@rediff.com,(343) 1031646
640fda22fc13ae4ffc000a2d,Augie Strowan,astrowanmd@github.io,(158) 9006797
640fda22fc13ae4ffc000a2e,Gerardo Cicchetto,gcicchettome@posterous.com,(987) 3028058
640fda22fc13ae4ffc000a2f,Vladamir Menere,vmeneremf@seesaa.net,(546) 1815334
640fda22fc13ae4ffc000a30,Diego Wetherburn,dwetherburnmg@squidoo.com,(627) 8107203
640fda22fc13ae4ffc000a31,Dennis Witnall,dwitnallmh@soup.io,(202) 2694309
640fda22fc13ae4ffc000a32,Domeniga Cogswell,dcogswellmi@mysql.com,(464) 1108203
640fda22fc13ae4ffc000a33,Sergei Wheble,swheblemj@tripadvisor.com,(408) 1331605
640fda22fc13ae4ffc000a34,Elvera Josselsohn,ejosselsohnmk@quantcast.com,(111) 5121062
640fda22fc13ae4ffc000a35,Courtney Schaffler,cschafflerml@stanford.edu,(293) 9777130
640fda22fc13ae4ffc000a36,Edmund Rolles,erollesmm@prlog.org,(627) 9430584
640fda22fc13ae4ffc000a37,Clay Lesurf,clesurfmn@wunderground.com,(828) 9701221
640fda22fc13ae4ffc000a38,Mel Prujean,mprujeanmo@360.cn,(650) 9278673
640fda22fc13ae4ffc000a39,Amby Vynoll,avynollmp@chron.com,(481) 2517380
640fda22fc13ae4ffc000a3a,Laurie Semken,lsemkenmq@odnoklassniki.ru,(271) 2776774
640fda22fc13ae4ffc000a3b,Lida O'Doogan,lodooganmr@lycos.com,(870) 8112968
640fda22fc13ae4ffc000a3c,Jeremy Gallamore,jgallamorems@dagondesign.com,(129) 9225519
640fda22fc13ae4ffc000a3d,Uta Domnin,udomninmt@soundcloud.com,(825) 1187240
640fda22fc13ae4ffc000a3e,Leeland Flewett,lflewettmu@apache.org,(933) 4370715
640fda22fc13ae4ffc000a3f,Abbie Glowacz,aglowaczmv@foxnews.com,(209) 5555648
640fda22fc13ae4ffc000a40,Romy Ibbs,ribbsmw@ustream.tv,(809) 7387481
640fda22fc13ae4ffc000a41,Margie Brookshaw,mbrookshawmx@patch.com,(841) 8783854
640fda22fc13ae4ffc000a42,Zena Cordall,zcordallmy@dyndns.org,(518) 9456365
640fda22fc13ae4ffc000a43,Horst Coates,hcoatesmz@go.com,(152) 9829534
640fda22fc13ae4ffc000a44,Karim Maffei,kmaffein0@businesswire.com,(998) 4099911
640fda22fc13ae4ffc000a45,Marguerite Disbury,mdisburyn1@cdbaby.com,(339) 1607457
640fda22fc13ae4ffc000a46,Philbert Millott,pmillottn2@etsy.com,(617) 5836076
640fda22fc13ae4ffc000a47,Desi Bradmore,dbradmoren3@google.co.uk,(874) 1694117
640fda22fc13ae4ffc000a48,Correy Esp,cespn4@unesco.org,(901) 4902945
640fda22fc13ae4ffc000a49,Karlie Della,kdellan5@answers.com,(536) 7954770
640fda22fc13ae4ffc000a4a,Janis Mellor,jmellorn6@engadget.com,(628) 9754020
640fda22fc13ae4ffc000a4b,Sauveur Landy,slandyn7@flickr.com,(783) 6666461
640fda22fc13ae4ffc000a4c,Franklin Lindenbluth,flindenbluthn8@imdb.com,(728) 4930042
640fda22fc13ae4ffc000a4d,Hube Bangley,hbangleyn9@forbes.com,(131) 1639281
640fda22fc13ae4ffc000a4e,Tomasine Fishley,tfishleyna@apache.org,(962) 2123972
640fda22fc13ae4ffc000a4f,Antonietta Aspy,aaspynb@wunderground.com,(724) 7992693
640fda22fc13ae4ffc000a50,Luce Johnsee,ljohnseenc@t.co,(142) 1358709
640fda22fc13ae4ffc000a51,Teddy Stiger,tstigernd@ning.com,(215) 3803160
640fda22fc13ae4ffc000a52,Emory Heister,eheisterne@example.com,(659) 3575207
640fda22fc13ae4ffc000a53,Shandy Rosengart,srosengartnf@paypal.com,(763) 2937028
640fda22fc13ae4ffc000a54,Lucho Ingledow,lingledowng@cbslocal.com,(631) 3238140
640fda22fc13ae4ffc000a55,Etti Rens,erensnh@microsoft.com,(261) 5468613
640fda22fc13ae4ffc000a56,Fidela Shevlin,fshevlinni@huffingtonpost.com,(734) 5307046
640fda22fc13ae4ffc000a57,Kaela Maruszewski,kmaruszewskinj@booking.com,(319) 4105829
640fda22fc13ae4ffc000a58,Tiler Hayes,thayesnk@dailymotion.com,(126) 3978880
640fda22fc13ae4ffc000a59,Kingston Squire,ksquirenl@spiegel.de,(576) 2997500
640fda22fc13ae4ffc000a5a,Mara Tetsall,mtetsallnm@ovh.net,(916) 7312176
640fda22fc13ae4ffc000a5b,Joell Getcliffe,jgetcliffenn@hhs.gov,(324) 2403621
640fda22fc13ae4ffc000a5c,Lynsey Wilderspoon,lwilderspoonno@youtu.be,(259) 6716000
640fda22fc13ae4ffc000a5d,Hamlen Chatwood,hchatwoodnp@engadget.com,(128) 1364477
640fda22fc13ae4ffc000a5e,Aleksandr Hallford,ahallfordnq@github.io,(662) 3840201
640fda22fc13ae4ffc000a5f,Caitlin Blades,cbladesnr@cornell.edu,(782) 2494475
640fda22fc13ae4ffc000a60,Traci Shewery,tsheweryns@angelfire.com,(199) 4189623
640fda22fc13ae4ffc000a61,Mirabella Houlson,mhoulsonnt@cbc.ca,(264) 1022695
640fda22fc13ae4ffc000a62,Sonya Purshouse,spurshousenu@state.gov,(188) 8870557
640fda22fc13ae4ffc000a63,Cosmo Riepel,criepelnv@free.fr,(188) 9424922
640fda22fc13ae4ffc000a64,Obediah Fearick,ofearicknw@ning.com,(930) 5583423
640fda22fc13ae4ffc000a65,Nat Davidzon,ndavidzonnx@goo.ne.jp,(884) 5256828
640fda22fc13ae4ffc000a66,Carolin Emer,cemerny@google.com.au,(674) 5908139
640fda22fc13ae4ffc000a67,Dale Degue,ddeguenz@census.gov,(807) 3976436
640fda22fc13ae4ffc000a68,Portia Eley,peleyo0@theatlantic.com,(855) 7976283
640fda22fc13ae4ffc000a69,Rina Avramovic,ravramovico1@squidoo.com,(216) 9936983
640fda22fc13ae4ffc000a6a,Tandi Powder,tpowdero2@java.com,(889) 9890767
640fda22fc13ae4ffc000a6b,Abagail Persian,apersiano3@phoca.cz,(528) 6775708
640fda22fc13ae4ffc000a6c,Bank Barnshaw,bbarnshawo4@hhs.gov,(452) 4604318
640fda22fc13ae4ffc000a6d,Petey Breewood,pbreewoodo5@hud.gov,(560) 3038340
640fda22fc13ae4ffc000a6e,Eberhard Rackley,erackleyo6@nytimes.com,(467) 2788235
640fda22fc13ae4ffc000a6f,Merle MacCome,mmaccomeo7@mail.ru,(407) 1042535
640fda22fc13ae4ffc000a70,Pansie Cornillot,pcornilloto8@google.it,(491) 5992993
640fda22fc13ae4ffc000a71,Seumas Lempertz,slempertzo9@tinyurl.com,(587) 3816485
640fda22fc13ae4ffc000a72,Rene Edsell,redselloa@uol.com.br,(885) 4127742
640fda22fc13ae4ffc000a73,Gareth Halpeine,ghalpeineob@imdb.com,(864) 1619301
640fda22fc13ae4ffc000a74,Stanislas Clemenza,sclemenzaoc@1und1.de,(654) 1681296
640fda22fc13ae4ffc000a75,Patin Bansal,pbansalod@uol.com.br,(348) 3866457
640fda22fc13ae4ffc000a76,Mahmud Mugridge,mmugridgeoe@usatoday.com,(150) 8032954
640fda22fc13ae4ffc000a77,Naomi Joselson,njoselsonof@soundcloud.com,(739) 3056719
640fda22fc13ae4ffc000a78,Bancroft Olivello,bolivelloog@yahoo.com,(398) 1505709
640fda22fc13ae4ffc000a79,Rafael Peasee,rpeaseeoh@imageshack.us,(742) 4447356
640fda22fc13ae4ffc000a7a,Ev Camfield,ecamfieldoi@fastcompany.com,(881) 1288357
640fda22fc13ae4ffc000a7b,Judie Liversage,jliversageoj@china.com.cn,(927) 2904524
640fda22fc13ae4ffc000a7c,Misha Abbay,mabbayok@ebay.com,(705) 7169055
640fda22fc13ae4ffc000a7d,Alyss Ambrosetti,aambrosettiol@angelfire.com,(241) 7882546
640fda22fc13ae4ffc000a7e,Kimbra Pic,kpicom@wiley.com,(704) 1811268
640fda22fc13ae4ffc000a7f,Alphard Morat,amoraton@taobao.com,(672) 9803768
640fda22fc13ae4ffc000a80,Ed Avrahamoff,eavrahamoffoo@narod.ru,(721) 8574135
640fda22fc13ae4ffc000a81,Farrel Marchington,fmarchingtonop@nifty.com,(103) 5755797
640fda22fc13ae4ffc000a82,Matelda Cubbon,mcubbonoq@123-reg.co.uk,(624) 8734751
640fda22fc13ae4ffc000a83,Babb Beazer,bbeazeror@uol.com.br,(832) 4357020
640fda22fc13ae4ffc000a84,Miof mela Indruch,mmelaos@multiply.com,(536) 9783636
640fda22fc13ae4ffc000a85,Elsinore Gavagan,egavaganot@go.com,(503) 6720865
640fda22fc13ae4ffc000a86,Lenora Chadbourne,lchadbourneou@umich.edu,(213) 8686318
640fda22fc13ae4ffc000a87,Mady Bartocci,mbartocciov@thetimes.co.uk,(303) 8217223
640fda22fc13ae4ffc000a88,Arden Yoodall,ayoodallow@craigslist.org,(945) 3899999
640fda22fc13ae4ffc000a89,Eduard Kleinhausen,ekleinhausenox@merriam-webster.com,(189) 7003678
640fda22fc13ae4ffc000a8a,Avery Trathan,atrathanoy@uol.com.br,(300) 3542652
640fda22fc13ae4ffc000a8b,Hurlee Jursch,hjurschoz@phpbb.com,(896) 9021724
640fda22fc13ae4ffc000a8c,Svend Vouls,svoulsp0@china.com.cn,(541) 2844135
640fda22fc13ae4ffc000a8d,Shirlee Puzey,spuzeyp1@imdb.com,(704) 8834559
640fda22fc13ae4ffc000a8e,Tremaine Bison,tbisonp2@cnbc.com,(450) 8902877
640fda22fc13ae4ffc000a8f,Francesco Carey,fcareyp3@google.com,(577) 3849904
640fda22fc13ae4ffc000a90,Vanya Milesop,vmilesopp4@wikimedia.org,(148) 4554096
640fda22fc13ae4ffc000a91,Fara Maruska,fmaruskap5@huffingtonpost.com,(209) 8051889
640fda22fc13ae4ffc000a92,Jolee Kubasek,jkubasekp6@google.nl,(326) 5185088
640fda22fc13ae4ffc000a93,Fax Ladon,fladonp7@forbes.com,(377) 1807158
640fda22fc13ae4ffc000a94,Galvin Latliff,glatliffp8@rediff.com,(552) 5165527
640fda22fc13ae4ffc000a95,Augie Griffitts,agriffittsp9@sun.com,(147) 7095735
640fda22fc13ae4ffc000a96,Antonetta Hug,ahugpa@51.la,(635) 9017069
640fda22fc13ae4ffc000a97,Bertha Fomichyov,bfomichyovpb@wikimedia.org,(439) 9140647
640fda22fc13ae4ffc000a98,Kimberlyn Scholz,kscholzpc@infoseek.co.jp,(636) 2208388
640fda22fc13ae4ffc000a99,Barnabas Blaisdale,bblaisdalepd@illinois.edu,(568) 4937516
640fda22fc13ae4ffc000a9a,Trstram Wolver,twolverpe@goo.ne.jp,(863) 6798254
640fda22fc13ae4ffc000a9b,Nanni Andor,nandorpf@washingtonpost.com,(397) 7124636
640fda22fc13ae4ffc000a9c,Meredeth Erley,merleypg@wordpress.org,(172) 5709275
640fda22fc13ae4ffc000a9d,Clywd Manvell,cmanvellph@jugem.jp,(598) 5277168
640fda22fc13ae4ffc000a9e,Ryley Cary,rcarypi@booking.com,(310) 9955510
640fda22fc13ae4ffc000a9f,Valeda Lunk,vlunkpj@woothemes.com,(702) 5356174
640fda22fc13ae4ffc000aa0,Pia Dowyer,pdowyerpk@goo.gl,(193) 8210128
640fda22fc13ae4ffc000aa1,Chrystel Lanphere,clanpherepl@angelfire.com,(749) 9000573
640fda22fc13ae4ffc000aa2,Erny Shimmings,eshimmingspm@tiny.cc,(177) 1159748
640fda22fc13ae4ffc000aa3,Nathalie Grafhom,ngrafhompn@ucla.edu,(252) 2955279
640fda22fc13ae4ffc000aa4,Daryn Landre,dlandrepo@netvibes.com,(129) 5006347
640fda22fc13ae4ffc000aa5,Emilio Buckberry,ebuckberrypp@edublogs.org,(390) 2511258
640fda22fc13ae4ffc000aa6,Charmane Mccaull,cmccaullpq@wikipedia.org,(803) 1984337
640fda22fc13ae4ffc000aa7,Chloe Tregien,ctregienpr@fema.gov,(297) 1926671
640fda22fc13ae4ffc000aa8,Roman Flatte,rflatteps@tinypic.com,(935) 6862071
640fda22fc13ae4ffc000aa9,Ludvig Ciciotti,lciciottipt@timesonline.co.uk,(266) 4230834
640fda22fc13ae4ffc000aaa,Mollee Brownsey,mbrownseypu@prnewswire.com,(931) 7096272
640fda22fc13ae4ffc000aab,Hazel O'Conor,hoconorpv@baidu.com,(255) 4069272
640fda22fc13ae4ffc000aac,Winslow Dargie,wdargiepw@wikia.com,(561) 6553306
640fda22fc13ae4ffc000aad,Cleopatra Rankine,crankinepx@aboutads.info,(991) 7037833
640fda22fc13ae4ffc000aae,Arnie Osgar,aosgarpy@ask.com,(784) 4680249
640fda22fc13ae4ffc000aaf,Leila Jonk,ljonkpz@ehow.com,(432) 7531532
640fda22fc13ae4ffc000ab0,Jaynell Aicheson,jaichesonq0@gov.uk,(628) 6667906
640fda22fc13ae4ffc000ab1,Vilhelmina Edgecombe,vedgecombeq1@bloglovin.com,(691) 5137400
640fda22fc13ae4ffc000ab2,Jorey Dorrins,jdorrinsq2@mayoclinic.com,(115) 4678407
640fda22fc13ae4ffc000ab3,Parry Danielli,pdanielliq3@mlb.com,(179) 2006440
640fda22fc13ae4ffc000ab4,Maritsa Dulinty,mdulintyq4@blogger.com,(330) 1255810
640fda22fc13ae4ffc000ab5,Dugald Gresham,dgreshamq5@diigo.com,(764) 6011708
640fda22fc13ae4ffc000ab6,Truda Neicho,tneichoq6@google.ru,(505) 3120268
640fda22fc13ae4ffc000ab7,Orelee Vasyuchov,ovasyuchovq7@chron.com,(410) 2000262
640fda22fc13ae4ffc000ab8,Clyve Hartington,chartingtonq8@theglobeandmail.com,(581) 8915310
640fda22fc13ae4ffc000ab9,Victoria Vlies,vvliesq9@addtoany.com,(162) 9929068
640fda22fc13ae4ffc000aba,Bette-ann Crowcombe,bcrowcombeqa@shop-pro.jp,(438) 3788225
640fda22fc13ae4ffc000abb,Joaquin Dell,jdellqb@example.com,(666) 2433272
640fda22fc13ae4ffc000abc,Ameline Saltman,asaltmanqc@state.gov,(271) 1302597
640fda22fc13ae4ffc000abd,Nester Bess,nbessqd@arizona.edu,(790) 4298859
640fda22fc13ae4ffc000abe,Dal Cremen,dcremenqe@t.co,(599) 3215905
640fda22fc13ae4ffc000abf,Bartholomeus Soro,bsoroqf@hao123.com,(915) 7005514
640fda22fc13ae4ffc000ac0,Rycca Brickham,rbrickhamqg@businessweek.com,(441) 9704363
640fda22fc13ae4ffc000ac1,Karlee Morshead,kmorsheadqh@dot.gov,(966) 8651026
640fda22fc13ae4ffc000ac2,Tedd Wellen,twellenqi@surveymonkey.com,(576) 3448584
640fda22fc13ae4ffc000ac3,Wald Daft,wdaftqj@de.vu,(346) 1571465
640fda22fc13ae4ffc000ac4,Brand Ghidetti,bghidettiqk@51.la,(579) 1640472
640fda22fc13ae4ffc000ac5,Kanya Feasley,kfeasleyql@hostgator.com,(287) 2782284
640fda22fc13ae4ffc000ac6,Farris Hutsby,fhutsbyqm@amazon.co.jp,(952) 7016866
640fda22fc13ae4ffc000ac7,Gustav Bebbell,gbebbellqn@reddit.com,(829) 2509229
640fda22fc13ae4ffc000ac8,Wendell Mercy,wmercyqo@smh.com.au,(606) 4905310
640fda22fc13ae4ffc000ac9,Sammy Miguel,smiguelqp@springer.com,(279) 6195842
640fda22fc13ae4ffc000aca,Albie Dallan,adallanqq@dot.gov,(509) 8402530
640fda22fc13ae4ffc000acb,Vinita Penburton,vpenburtonqr@instagram.com,(872) 4988360
640fda22fc13ae4ffc000acc,Gabriellia Cattermole,gcattermoleqs@networkadvertising.org,(815) 8264707
640fda22fc13ae4ffc000acd,Brendon Skylett,bskylettqt@fc2.com,(929) 6522854
640fda22fc13ae4ffc000ace,Dennet Pallas,dpallasqu@microsoft.com,(616) 7299667
640fda22fc13ae4ffc000acf,Rickie Dallow,rdallowqv@reddit.com,(446) 4807314
640fda22fc13ae4ffc000ad0,Benson Hassent,bhassentqw@hatena.ne.jp,(520) 5881414
640fda22fc13ae4ffc000ad1,Marylynne Wornum,mwornumqx@pen.io,(795) 1565141
640fda22fc13ae4ffc000ad2,Bekki Audley,baudleyqy@google.com,(524) 1616171
640fda22fc13ae4ffc000ad3,Junina Fere,jfereqz@redcross.org,(904) 1156617
640fda22fc13ae4ffc000ad4,Mamie Selwyne,mselwyner0@wp.com,(559) 3443459
640fda22fc13ae4ffc000ad5,Ivonne Whitworth,iwhitworthr1@newyorker.com,(743) 4215638
640fda22fc13ae4ffc000ad6,Rene Myatt,rmyattr2@columbia.edu,(296) 8385507
640fda22fc13ae4ffc000ad7,Kingston Kachel,kkachelr3@addthis.com,(891) 3338321
640fda22fc13ae4ffc000ad8,Stephannie Lewerenz,slewerenzr4@webs.com,(283) 2308685
640fda22fc13ae4ffc000ad9,Ross Osborn,rosbornr5@webs.com,(397) 8955123
640fda22fc13ae4ffc000ada,Clayson Desantis,cdesantisr6@quantcast.com,(291) 2882478
640fda22fc13ae4ffc000adb,Missie Sever,mseverr7@google.ca,(570) 9442256
640fda22fc13ae4ffc000adc,Dela Tschersich,dtschersichr8@sbwire.com,(105) 4901997
640fda22fc13ae4ffc000add,Nari Sleight,nsleightr9@newsvine.com,(904) 5633885
640fda22fc13ae4ffc000ade,Hayley Gallanders,hgallandersra@freewebs.com,(241) 5418262
640fda22fc13ae4ffc000adf,Neil Abrashkov,nabrashkovrb@marriott.com,(673) 6688076
640fda23fc13ae4ffc000ae0,Mathilda Odom,modomrc@blogtalkradio.com,(478) 7494138
640fda23fc13ae4ffc000ae1,Cahra Eleshenar,celeshenarrd@fotki.com,(252) 7153784
640fda23fc13ae4ffc000ae2,Nora Caustick,ncaustickre@nytimes.com,(920) 3704448
640fda23fc13ae4ffc000ae3,Lionello Griffin,lgriffinrf@a8.net,(606) 8864246
640fda23fc13ae4ffc000ae4,Cornall Livzey,clivzeyrg@europa.eu,(422) 1302088
640fda23fc13ae4ffc000ae5,Conway Standidge,cstandidgerh@upenn.edu,(632) 1908956
640fda23fc13ae4ffc000ae6,Eddie Wason,ewasonri@sina.com.cn,(806) 7249260
640fda23fc13ae4ffc000ae7,Mitzi Thorouggood,mthorouggoodrj@telegraph.co.uk,(698) 9089861
640fda23fc13ae4ffc000ae8,Jim Arnson,jarnsonrk@census.gov,(252) 4662477
640fda23fc13ae4ffc000ae9,Blair Godding,bgoddingrl@goo.gl,(373) 4409773
640fda23fc13ae4ffc000aea,Currie Earengey,cearengeyrm@surveymonkey.com,(853) 8822608
640fda23fc13ae4ffc000aeb,Bastien Marciek,bmarciekrn@bing.com,(787) 1384249
640fda23fc13ae4ffc000aec,Moe Vanyukov,mvanyukovro@census.gov,(245) 5108399
640fda23fc13ae4ffc000aed,Corbett Itzkowicz,citzkowiczrp@engadget.com,(724) 5366894
640fda23fc13ae4ffc000aee,Hersh Buddle,hbuddlerq@163.com,(825) 4326219
640fda23fc13ae4ffc000aef,Sheila-kathryn Ferrers,sferrersrr@wikipedia.org,(803) 7093207
